update,win_rate,policy,value,entropy,pred,total,lr,eps,pool_size
1,0.5,0.3999176677316427,127.09187725186348,-1.5173144415020943,37.82221007347107,82.84178858995438,0.00029985499999999997,0,0
2,0.5,0.06870974018238485,1.7748723961412907,-2.032781735062599,14.55017602443695,8.210906118154526,0.00029970999999999996,8,0
3,0.5454545454545454,0.054910283419303596,0.3782175835222006,-2.173151358962059,7.417858958244324,3.931217074394226,0.00029956499999999996,11,0
4,0.5294117647058824,0.051080082543194294,0.47670830599963665,-2.180733844637871,4.046276941895485,2.2907653748989105,0.00029941999999999995,17,0
5,0.4583333333333333,0.042943901382386684,0.31348755303770304,-2.177798330783844,2.3559176698327065,1.3558685258030891,0.00029927499999999994,24,0
6,0.48148148148148145,0.026453437749296427,0.08301166782621294,-2.261450380086899,1.084640011191368,0.5876647792756557,0.00029912999999999994,27,0
7,0.4838709677419355,0.02453249489190057,0.10963959712535143,-2.265658900141716,0.694045003503561,0.40371820516884327,0.00029898499999999993,31,0
8,0.4857142857142857,0.059467123821377754,0.09628897765651345,-2.1694909781217575,0.2686643274500966,0.22024886775761843,0.0002988399999999999,35,0
9,0.5263157894736842,0.07355281640775502,0.03177993500139564,-2.272626504302025,0.09913202724419534,0.1162825315259397,0.0002986949999999999,38,0
10,0.5384615384615384,0.06292897101957351,0.014988421375164762,-2.2805770188570023,0.05793427862226963,0.07658455008640885,0.0002985499999999999,39,0
11,0.5116279069767442,0.027946383925154805,0.08860622299835086,-2.324975550174713,0.07426450704224408,0.08613199461251497,0.0002984049999999999,43,1
12,0.5111111111111111,0.01807211514096707,0.04255644790828228,-2.3326441943645477,0.04424575483426452,0.03814677515765652,0.0002982599999999999,45,1
13,0.5106382978723404,0.01045851269736886,0.04000914632342756,-2.2200816571712494,0.10879426752217114,0.062659403658472,0.0002981149999999999,47,1
14,0.5192307692307693,0.003757415368454531,0.07979509700089693,-2.2601545453071594,0.11116800084710121,0.07663741987198591,0.0002979699999999999,52,1
15,0.5357142857142857,0.012889496923889965,0.06459398078732193,-2.319723293185234,0.20423210924491286,0.12410530890338123,0.0002978249999999999,56,1
16,0.5344827586206896,0.010036685038357973,0.040444038924761117,-2.330169767141342,0.08311093761585653,0.04851247649639845,0.0002976799999999999,58,1
17,0.5423728813559322,0.009252371441107243,0.019789693353231996,-2.3725633323192596,0.06928836822044104,0.030065769504290074,0.00029753499999999987,59,1
18,0.5396825396825397,0.008288955548778176,0.07113462197594345,-2.355631485581398,0.02373355528106913,0.03216672956477851,0.00029738999999999986,63,1
19,0.5303030303030303,0.01591739198192954,0.058706904761493206,-2.3754614889621735,0.09691040427424014,0.06997143244370818,0.00029724499999999986,66,1
20,0.5352112676056338,0.010144196101464331,0.09396136179566383,-2.390251189470291,0.09320932568516582,0.07982702925801277,0.00029709999999999985,71,1
21,0.5540540540540541,-0.0012131986441090703,0.051312016788870096,-2.412353366613388,0.08295921562239528,0.041798883699811995,0.00029695499999999984,74,2
22,0.5657894736842105,0.006969134323298931,0.029954756260849535,-2.417962908744812,0.0428274713922292,0.01918061973992735,0.00029680999999999984,76,2
23,0.575,-0.006227574776858091,0.062197385588660836,-2.3658182471990585,0.04634195507969707,0.024383913085330278,0.00029666499999999983,80,2
24,0.5802469135802469,0.021701772726373747,0.015802253154106438,-2.395355448126793,0.028344114311039448,0.019821402267552912,0.0002965199999999998,81,2
25,0.5903614457831325,-0.003767782007344067,0.02765288029331714,-2.357301503419876,0.06138818652834743,0.017179736983962357,0.0002963749999999998,83,2
26,0.5977011494252874,0.00870817108079791,0.06192258629016578,-2.384097456932068,0.043437695247121155,0.03754733758978546,0.0002962299999999998,87,2
27,0.5934065934065934,0.014193248993251473,0.07855565706267953,-2.3944441378116608,0.01706514647230506,0.038059210462961346,0.0002960849999999998,91,2
28,0.5851063829787234,0.009032124828081578,0.04311819956637919,-2.329687684774399,0.0523181005846709,0.03345339873339981,0.0002959399999999998,94,2
29,0.59375,0.03508873353712261,0.030305607011541724,-2.3463833332061768,0.04761445883195847,0.05058493243996054,0.0002957949999999998,96,2
30,0.59375,0.027621074754279107,0.0036966020852560177,-2.3376119881868362,0.0231721707386896,0.017679341632174328,0.0002956499999999998,96,2
31,0.59,0.009256905876100063,0.07595831854268909,-2.299166291952133,0.01998947752872482,0.03423914156155661,0.0002955049999999998,100,3
32,0.6,0.0215610436280258,0.07671514875255525,-2.3976528495550156,0.02449103951221332,0.04818761011119932,0.0002953599999999998,104,3
33,0.6,0.011563817679416388,0.044362638727761805,-2.389012336730957,0.009721428214106709,0.01471572817536071,0.00029521499999999977,106,3
34,0.6,0.006052699405699968,0.019210063852369785,-2.4050348103046417,0.03516956733074039,0.009192167548462749,0.00029506999999999976,107,3
35,0.61,0.012735238298773766,0.02130309003405273,-2.3952776938676834,0.022344594995956868,0.010606304102111608,0.00029492499999999976,108,3
36,0.59,0.009743129659909755,0.0552955090533942,-2.36968395113945,0.01689571884344332,0.022141904235468246,0.00029477999999999975,111,3
37,0.59,0.006200255244038999,0.07315086666494608,-2.41015687584877,0.03265092254150659,0.03499958128668368,0.00029463499999999974,115,3
38,0.59,0.009177182975690812,0.003199242288246751,-2.422330155968666,0.008421084465226158,-0.009235954770701937,0.00029448999999999974,115,3
39,0.6,0.005882330471649766,0.021437627088744193,-2.426205277442932,0.019537738640792668,0.002107960870489478,0.00029434499999999973,116,3
40,0.6,0.009608002845197916,0.03792853991035372,-2.4298910200595856,0.017894349293783307,0.013220537803135812,0.0002941999999999997,118,3
41,0.61,0.01031814719317481,0.016503672377439216,-2.424199551343918,0.018266701401444152,0.003461339045315981,0.0002940549999999997,119,4
42,0.63,0.006630462070461363,0.03153193416073918,-2.4242630302906036,0.009454843631829135,0.0028812210948672146,0.0002939099999999997,121,4
43,0.63,0.005112675076816231,0.04302604775875807,-2.411211207509041,0.014356251325807534,0.009691713632491883,0.0002937649999999997,123,4
44,0.62,0.00348713161656633,0.05738178140018135,-2.3990107625722885,0.0038355181459337473,0.010105674271471798,0.0002936199999999997,126,4
45,0.63,0.0042433024500496686,0.041315251495689154,-2.417300298810005,0.04777560033835471,0.024615726142656058,0.0002934749999999997,129,4
46,0.63,0.004024923488032073,0.037594619556330144,-2.390631377696991,0.02206796209793538,0.009949901490472257,0.0002933299999999997,131,4
47,0.63,0.0058106714859604836,0.07890377170406282,-2.352752059698105,0.08217120781773701,0.06282064228435047,0.0002931849999999997,135,4
48,0.62,-0.001482029096223414,0.022180497995577753,-2.451384887099266,0.07349923090077937,0.02184398745885119,0.0002930399999999997,136,4
49,0.62,-0.007026019156910479,0.05255173472687602,-2.445123091340065,0.01857782047591172,0.004087527748197317,0.00029289499999999967,139,4
50,0.62,0.00810418021865189,0.05048768897540867,-2.4117784798145294,0.023780281626386568,0.02112038098857738,0.00029274999999999966,142,4
51,0.62,0.004856632032897323,0.041416040156036615,-2.412403166294098,0.009085210782359354,0.005983226423268206,0.00029260499999999966,144,5
52,0.62,0.0008555457461625338,0.03669838001951575,-2.391771122813225,0.010017272579716519,0.0002956608877866529,0.00029245999999999965,146,5
53,0.62,0.007561544654890895,0.03878899628762156,-2.416123390197754,0.014771035814192146,0.010180327109992504,0.00029231499999999964,148,5
54,0.62,0.003151010605506599,0.05720802349969745,-2.399693265557289,0.018059823021758348,0.016788001768873073,0.00029216999999999964,151,5
55,0.59,0.0015725350240245461,0.06716131279245019,-2.379919245839119,0.015889928967226297,0.019298963859910145,0.00029202499999999963,155,5
56,0.59,0.0034855599515140057,0.06583405914716423,-2.4000252187252045,0.009235016128513962,0.017019845938193612,0.0002918799999999996,158,5
57,0.59,0.006304282229393721,0.026512377662584186,-2.38743357360363,0.016867282218299806,0.004119776946026832,0.0002917349999999996,159,5
58,0.59,0.0049255379708483815,0.020927539677359164,-2.4450541734695435,0.008941635256633162,-0.004590415584971197,0.0002915899999999996,160,5
59,0.59,-0.0024962109746411443,0.04289102018810809,-2.432263895869255,0.04214013007003814,0.01569672569166869,0.0002914449999999996,162,5
60,0.58,-0.0030857567326165736,0.035247490857727826,-2.371821567416191,0.01153931303997524,-0.003410569843254052,0.0002912999999999996,164,5
61,0.59,0.009942651784513146,0.023583041795063764,-2.4527807384729385,0.02135867642937228,0.007885704224463552,0.0002911549999999996,165,5
62,0.6,-0.0025863046175800264,0.02021357382182032,-2.437370151281357,0.025348568859044462,-0.004178934497758746,0.0002910099999999996,166,5
63,0.61,0.0010403776541352272,0.021480628929566592,-2.430862158536911,0.008024005277547985,-0.008515926310792565,0.0002908649999999996,167,5
64,0.61,0.003493050520773977,0.03708427585661411,-2.422501266002655,0.01289233667193912,0.00425634476414416,0.0002907199999999996,170,5
65,0.61,0.005608111037872732,0.004781877622008324,-2.443409189581871,0.0114382243482396,-0.010715929442085326,0.00029057499999999957,170,5
66,0.61,0.0009125695796683431,0.04141703143250197,-2.4095725417137146,0.00548442800209159,0.00026757441082736477,0.00029042999999999956,172,5
67,0.61,0.004434619680978358,0.04610731126740575,-2.4290578216314316,0.020234835435985588,0.01331511529861018,0.00029028499999999956,176,5
68,0.61,0.001774775271769613,0.029927819850854576,-2.44268000125885,0.04084124753717333,0.012732508999761194,0.00029013999999999955,178,5
69,0.61,0.006706308340653777,0.03274176211562008,-2.4137026220560074,0.017424861900508404,0.007652594445971772,0.00028999499999999954,179,5
70,0.6,0.0019143951358273625,0.054127755807712674,-2.449741080403328,0.006648550450336188,0.007805138302501291,0.00028984999999999954,181,5
71,0.6,0.007271054084412754,0.04834071977529675,-2.431328922510147,0.035952901060227305,0.025104576227022335,0.00028970499999999953,184,5
72,0.6,0.0007436686428263783,0.01769134507048875,-2.450741246342659,0.02249787637265399,-0.0036691325367428362,0.0002895599999999995,185,5
73,0.6,-0.004599222040269524,0.01701725894236006,-2.44620643556118,0.017194701882544905,-0.011955305351875722,0.0002894149999999995,186,5
74,0.61,0.006350081646814942,0.0393711575306952,-2.4147307574748993,0.017733134562149644,0.0107549203094095,0.0002892699999999995,188,5
75,0.61,-0.0036823232658207417,0.031251888955011964,-2.443042501807213,0.011763149246689864,-0.006605228816624731,0.0002891249999999995,190,5
76,0.61,0.006924155983142555,0.025344444438815117,-2.396195665001869,0.04156541981501505,0.01641713289427571,0.0002889799999999995,191,5
77,0.62,-0.004284213820938021,0.024400162743404508,-2.364223390817642,0.1191035495721735,0.043825408327393234,0.0002888349999999995,192,5
78,0.62,-0.0014492670306935906,0.020121793961152434,-2.3985684365034103,0.04536535081570037,0.007308621192350984,0.0002886899999999995,193,5
79,0.63,0.009398475696798414,0.03342600574251264,-2.4079411178827286,0.04222951456904411,0.02314682531869039,0.0002885449999999995,195,5
80,0.64,0.0016711415955796838,0.03356700099539012,-2.380156561732292,0.11400705040432513,0.051656601717695594,0.0002883999999999995,197,5
81,0.64,0.0034569393610581756,0.03335410659201443,-2.3610292077064514,0.037564927130006254,0.01530616480158642,0.00028825499999999947,199,5
82,0.62,0.002947353117633611,0.09719606023281813,-2.365520402789116,0.016664656286593527,0.03622250765329227,0.00028810999999999946,204,5
83,0.63,0.0025845219497568905,0.03471797984093428,-2.4392676800489426,0.02341688927845098,0.007259280129801482,0.00028796499999999946,207,5
84,0.63,0.00338856119196862,0.018504269362892956,-2.417317748069763,0.012784429913153872,-0.00514026582823135,0.00028781999999999945,208,5
85,0.64,-0.006095913820900023,0.02420810330659151,-2.435732051730156,0.007868762244470417,-0.014414801364182495,0.00028767499999999944,209,5
86,0.65,0.00270131160505116,0.09283814183436334,-2.404971718788147,0.1388097388553433,0.09447553334757686,0.00028752999999999944,215,5
87,0.65,-0.002355826902203262,0.018066568358335644,-2.434164121747017,0.06491451407782733,0.014793073642067611,0.00028738499999999943,216,5
88,0.65,0.004533796512987465,0.0325781850842759,-2.3981484472751617,0.004624368055374362,-0.0008464106358587742,0.0002872399999999994,218,5
89,0.65,0.003732841636519879,0.0336618420551531,-2.403527870774269,0.06281023554038256,0.027933602512348443,0.0002870949999999994,220,5
90,0.65,0.002026702102739364,0.01935292751295492,-2.424220249056816,0.024008660664549097,-0.000534705730387941,0.0002869499999999994,221,5
91,0.64,-0.0025108266272582114,0.07096442906185985,-2.398254916071892,0.02863192607765086,0.023304802540224046,0.0002868049999999994,225,5
92,0.65,0.0006929854862391949,0.0702886141370982,-2.4351115375757217,0.04480404409696348,0.03388820044347085,0.0002866599999999994,229,5
93,0.65,0.0018207270186394453,0.05748826754279435,-2.4315215200185776,0.03380757648847066,0.02315343450754881,0.0002865149999999994,232,5
94,0.65,0.009083783661480993,0.08051143470220268,-2.4079036861658096,0.021097690812894143,0.03580931029864587,0.0002863699999999994,236,5
95,0.64,-0.0013558465288951993,0.037227925728075206,-2.41352179646492,0.018841595941921696,0.002543697162764147,0.0002862249999999994,238,5
96,0.65,0.002654374693520367,0.03851851401850581,-2.3851067572832108,0.011279833415756002,0.0037024815392214805,0.0002860799999999994,240,5
97,0.65,0.0011102893622592092,0.04655775928404182,-2.434110403060913,0.00404782171244733,0.002071976035949774,0.00028593499999999937,244,5
98,0.65,-0.0030338402721099555,0.0655244265217334,-2.4167447835206985,0.04186090419534594,0.02649137773551047,0.00028578999999999936,248,5
99,0.66,0.0001485324464738369,0.030556765268556774,-2.3983680456876755,0.012265505603863858,-0.0024240119237219915,0.00028564499999999936,250,5
100,0.68,-0.00011882290709763765,0.0711724751163274,-2.432143285870552,0.008465484323096462,0.01537872506014537,0.00028549999999999935,254,5
101,0.69,-0.0021292436867952347,0.05366668407805264,-2.422544687986374,0.007484279456548393,0.004220791190164164,0.00028535499999999934,259,5
102,0.69,0.004192934022285044,0.03867075254675001,-2.411050334572792,0.014584706354071386,0.006710160552756861,0.00028520999999999934,261,5
103,0.7,-0.00021566852228716016,0.057907525449991226,-2.42476923763752,0.00969066852121614,0.00933573578367941,0.00028506499999999933,264,5
104,0.69,0.0012035442050546408,0.020705388160422444,-2.399341255426407,0.0023804903976269998,-0.01124692865414545,0.0002849199999999993,266,5
105,0.68,-0.003256394062191248,0.04471165011636913,-2.3823074102401733,0.02445746579905972,0.007505090179620311,0.0002847749999999993,268,5
106,0.67,0.00286182010313496,0.05243236303795129,-2.392510265111923,0.011996735360298771,0.011151267040986568,0.0002846299999999993,271,5
107,0.67,0.005245289212325588,0.0406295683933422,-2.430178254842758,0.011001370970916469,0.006758977338904515,0.0002844849999999993,273,5
108,0.67,-0.001085048308596015,0.036330564762465656,-2.415670320391655,0.0290218663867563,0.007434464525431395,0.0002843399999999993,275,5
109,0.67,-0.0027683861553668976,0.04732835432514548,-2.4096271246671677,0.027350765783921815,0.010474903654539958,0.0002841949999999993,278,5
110,0.68,0.009184010501485318,0.047248692833818495,-2.3867624551057816,0.005684568139258772,0.011783017245761584,0.0002840499999999993,281,5
111,0.68,0.00046203366946429014,0.004437526207766496,-2.4171216189861298,0.021895979647524655,-0.010542429226916283,0.0002839049999999993,281,5
112,0.68,0.004412680224049836,0.02711930696386844,-2.418846011161804,0.0249563587422017,0.006262053793761879,0.0002837599999999993,283,5
113,0.67,0.0053415733855217695,0.07372266030870378,-2.419740065932274,0.004495143606618512,0.020253075432265177,0.00028361499999999927,287,5
114,0.67,0.000544537790119648,0.003593611836549826,-2.452147290110588,0.023091134455171414,-0.010634561418555677,0.00028346999999999926,287,5
115,0.64,0.003921832540072501,0.07254193560220301,-2.4538110494613647,0.013798918516840786,0.022554149501957,0.00028332499999999926,291,5
116,0.63,-0.0009089037193916738,0.058602440636605024,-2.4326533675193787,0.016679549386026338,0.012405558067257516,0.00028317999999999925,294,5
117,0.62,-0.0016460537444800138,0.07643695990554988,-2.4392682909965515,0.007755338949209545,0.016057413566159084,0.00028303499999999924,299,5
118,0.61,-0.0027189850225113332,0.021905169065576047,-2.4599096924066544,0.002145809863577597,-0.015292591793695465,0.00028288999999999924,300,5
119,0.62,-0.004241809598170221,0.03939749230630696,-2.420100137591362,0.014712044518091716,-0.0013880421174690127,0.00028274499999999923,302,5
120,0.63,-0.0021120371238794178,0.03930031415075064,-2.4605211317539215,0.02641759070684202,0.006141704667243175,0.0002825999999999992,304,5
121,0.63,0.001340628950856626,0.024030355125432834,-2.444054752588272,0.010293731815181673,-0.00593787468096707,0.0002824549999999992,305,5
122,0.62,0.0049045097548514605,0.058437292696908116,-2.445565178990364,0.013609421497676522,0.01647221585153602,0.0002823099999999992,308,5
123,0.61,0.0014802643563598394,0.06844857265241444,-2.4440158158540726,0.014186590953613631,0.01835768888122402,0.0002821649999999992,312,5
124,0.6,-0.004096035030670464,0.04121129878330976,-2.425993397831917,0.009453180726268329,-0.003023728815605864,0.0002820199999999992,314,5
125,0.59,0.007071134343277663,0.042582955793477595,-2.4393735080957413,0.009783141285879537,0.008860448055202141,0.0002818749999999992,316,5
126,0.59,-0.004876378574408591,0.025456587492953986,-2.4425949305295944,0.018701295557548292,-0.007223385764518753,0.0002817299999999992,317,5
127,0.56,-0.004850999917834997,0.0660421228967607,-2.4512798339128494,0.03808574957656674,0.022700138710206375,0.0002815849999999992,321,5
128,0.56,-0.00528917764313519,0.05037421965971589,-2.436941087245941,0.002618141155835474,-0.003162407738273032,0.0002814399999999992,324,5
129,0.56,0.005288381886202842,0.05794463329948485,-2.429187387228012,0.0020532335474854335,0.010995441905834014,0.00028129499999999917,327,5
130,0.56,0.007933952118037269,0.024408044875599444,-2.4395510405302048,0.011773903330322355,0.0016294161032419652,0.00028114999999999916,328,5
131,0.57,-0.001857390918303281,0.0359343514428474,-2.4541426301002502,0.0066708059384836815,-0.005096238339319825,0.00028100499999999916,330,5
132,0.58,0.004554556915536523,0.036625218694098294,-2.4214061349630356,0.0086246216960717,0.0029654161480721086,0.00028085999999999915,332,5
133,0.56,0.0035549603635445237,0.04013853275682777,-2.418379098176956,0.008496176138578448,0.003688523982418701,0.00028071499999999914,334,5
134,0.58,0.0016976217739284039,0.05617779400199652,-2.426714777946472,0.003807665176282171,0.0074232039478374645,0.00028056999999999914,337,5
135,0.56,0.001900535193271935,0.059909196803346276,-2.393846943974495,0.022872297384310514,0.019352813542354852,0.00028042499999999913,340,5
136,0.56,0.0039073367370292544,0.07270261808298528,-2.3555605113506317,0.012890977886854671,0.02314853136340389,0.0002802799999999991,345,5
137,0.57,0.000771653896663338,0.0269949440844357,-2.4233723878860474,0.006169197469716892,-0.006879998451040592,0.0002801349999999991,346,5
138,0.58,-0.0006867062184028327,0.041612905100919306,-2.4066503942012787,0.02432804982527159,0.00821726824506186,0.0002799899999999991,348,5
139,0.55,0.006316350481938571,0.058474253746680915,-2.3909578025341034,0.01861581024422776,0.020951804777723737,0.0002798449999999991,351,5
140,0.56,0.0011147621553391218,0.05128519446589053,-2.414679855108261,0.007392985200567637,0.006307053932687268,0.0002796999999999991,354,5
141,0.56,-0.002911900170147419,0.059064747299999,-2.3423782289028168,0.00705906384246191,0.006726223800797015,0.0002795549999999991,357,5
142,0.56,0.004050957737490535,0.0713659767061472,-2.357991009950638,0.008053997342358343,0.020181034327833913,0.0002794099999999991,361,5
143,0.56,-0.0025386736379005015,0.07570796203799546,-2.3701606541872025,0.021617813123157248,0.022422607988119125,0.0002792649999999991,365,5
144,0.57,0.0031315948581323028,0.07252107467502356,-2.384959027171135,0.04106905742082745,0.036077071563340724,0.0002791199999999991,369,5
145,0.57,0.0052964878850616515,0.01890076440759003,-2.4020569771528244,0.02220073696662439,0.0018266695115016773,0.00027897499999999907,370,5
146,0.56,-0.0036761939409188926,0.03556343191303313,-2.4043395966291428,0.02654498044284992,0.003334616092615761,0.00027882999999999906,372,5
147,0.57,0.004163736943155527,0.03845795715460554,-2.369188830256462,0.014444496453506872,0.0069230764856911264,0.00027868499999999906,374,5
148,0.56,0.0045108546619303524,0.05542440863791853,-2.4104326516389847,0.08693366326042451,0.051585564215201885,0.00027853999999999905,378,5
149,0.54,0.007409683661535382,0.08217103919014335,-2.3600687384605408,0.15042376914061606,0.10010639991378412,0.00027839499999999904,382,5
150,0.55,-0.0006788072059862316,0.04895778722129762,-2.3894832134246826,0.08249747996160295,0.041153995247441344,0.00027824999999999904,385,5
151,0.54,0.005066781654022634,0.02421840524766594,-2.395845904946327,0.02208510847412981,0.004260080415406264,0.00027810499999999903,386,5
152,0.54,-0.002618719357997179,0.09222023794427514,-2.348355084657669,0.0059229780454188585,0.022969338519033045,0.000277959999999999,391,5
153,0.54,0.0028584899846464396,0.02331697693443857,-2.371660202741623,0.013325238091056235,-0.0025370041839778423,0.000277814999999999,392,5
154,0.54,0.0020294897840358317,0.09073183662258089,-2.4105500131845474,0.061978787707630545,0.05427930236328393,0.000277669999999999,397,5
155,0.54,-0.0005754843587055802,0.006706931337248534,-2.395617827773094,0.007254636941070203,-0.017550878081237897,0.000277524999999999,397,5
156,0.53,-0.0004240649286657572,0.07783762202598155,-2.432495266199112,0.07085848604037892,0.049599036981817335,0.000277379999999999,401,5
157,0.51,-0.00428071100031957,0.08301062905229628,-2.382625460624695,0.02133647548907902,0.024066587051493116,0.000277234999999999,405,5
158,0.51,0.0016890012775547802,0.08477470651268959,-2.3713050931692123,0.01228726250701584,0.026506935915676877,0.000277089999999999,410,5
159,0.52,0.0032227934570983052,0.09171932563185692,-2.398581236600876,0.023353367650997825,0.03677332880033646,0.000276944999999999,415,5
160,0.52,0.006243909010663629,0.05723295849747956,-2.3684756755828857,0.043347963015548885,0.03284961392637342,0.000276799999999999,418,5
161,0.53,0.0021065387409180403,0.04373724083416164,-2.362862691283226,0.003614748035033699,0.0021539068657148164,0.00027665499999999897,421,5
162,0.53,0.014708626025822014,0.04478174704127014,-2.3941044360399246,0.0018182266067015007,0.014067568492464488,0.00027650999999999896,423,5
163,0.54,0.003977240354288369,0.020559313823468983,-2.380954086780548,0.03234719164902344,0.006620952452067286,0.00027636499999999896,424,5
164,0.52,0.005486848414875567,0.11102907499298453,-2.3834820687770844,0.0729296961799264,0.07363141397945583,0.00027621999999999895,431,5
165,0.53,0.008612076926510781,0.07153779407963157,-2.39789979159832,0.006470248132245615,0.023637100821360946,0.00027607499999999894,435,5
166,0.53,-0.004059717059135437,0.018781173101160675,-2.4151794016361237,0.006677432582364418,-0.015482208025787259,0.00027592999999999894,436,5
167,0.53,0.008172401576302946,0.053096199641004205,-2.3924986124038696,0.010093588047311641,0.015842310327570885,0.00027578499999999893,439,5
168,0.55,0.0017560034175403416,0.06950888107530773,-2.4243677854537964,0.006220020281034522,0.01537677705346141,0.0002756399999999989,443,5
169,0.54,-0.004541081318166107,0.04229272098746151,-2.4523731619119644,0.008432374845142476,-0.0037022643082309514,0.0002754949999999989,445,5
170,0.53,-0.000766717130318284,0.040842185146175325,-2.44268037378788,0.002557737665483728,-0.0034935588046209887,0.0002753499999999989,447,5
171,0.52,-0.002106202009599656,0.02049685054225847,-2.4308394342660904,0.02086355748178903,-0.005734391801524907,0.0002752049999999989,448,5
172,0.52,-0.00034688651794567704,0.019907096459064633,-2.4469161182641983,0.007834062598703895,-0.010945467685814947,0.0002750599999999989,449,5
173,0.53,0.0023809539852663875,0.020207063935231417,-2.4355140924453735,0.011960941807046765,-0.005890183383598924,0.0002749149999999989,450,5
174,0.53,-0.005270213587209582,0.002670905363629572,-2.4127187579870224,0.017959307580895256,-0.019082294224062935,0.0002747699999999989,450,5
175,0.54,0.001530137495137751,0.022799242491601035,-2.443087875843048,0.02827198630257044,0.0026348737519583665,0.0002746249999999989,451,5
176,0.54,0.0008866182179190218,0.039018828654661775,-2.4508772641420364,0.005588174048170913,-0.0013186524593038484,0.0002744799999999989,453,5
177,0.53,-0.007786199799738824,0.039909646613523364,-2.4546027928590775,0.06739194076362764,0.021318566519767046,0.00027433499999999887,455,5
178,0.52,-0.00516271369997412,0.04249261342920363,-2.396113693714142,0.02008997967641335,0.002167446567909792,0.00027418999999999886,457,5
179,0.51,-0.004125164530705661,0.07252677448559552,-2.4418775141239166,0.024362355507037137,0.019900626211892813,0.00027404499999999886,461,5
180,0.49,0.0009686144185252488,0.043112215120345354,-2.3846607208251953,0.019670757254061755,0.008513494103681296,0.00027389999999999885,463,5
181,0.49,-0.004186460006167181,0.02356279088417068,-2.430012419819832,0.014652591344201937,-0.009378892427776009,0.00027375499999999885,464,5
182,0.49,-0.002430949389236048,0.023715673596598208,-2.4603476226329803,0.005969996520434506,-0.012191589914436918,0.00027360999999999884,465,5
183,0.48,-0.007112163060810417,0.07348313485272229,-2.421281948685646,0.008311177443829365,0.009572174225468189,0.00027346499999999883,469,5
184,0.46,-0.0030864450964145362,0.019025553134270012,-2.4372448921203613,0.01800637849373743,-0.008942927903262898,0.0002733199999999988,471,5
185,0.46,-0.008998385630548,0.01671965469722636,-2.444439634680748,0.023035490899928845,-0.013565208530053496,0.0002731749999999988,472,5
186,0.46,0.005022199533414096,0.00354684580815956,-2.4443706423044205,0.04328128600900527,0.003992559388279915,0.0002730299999999988,472,5
187,0.44,-0.00039306108374148607,0.05788738536648452,-2.430730164051056,0.00399125789408572,0.006238959373149555,0.0002728849999999988,475,5
188,0.44,-0.005662796087563038,0.027679783292114735,-2.474152088165283,0.005766994661826175,-0.013680927317182068,0.0002727399999999988,476,5
189,0.44,0.003048317594220862,0.00450200513296295,-2.4285832196474075,0.023523230018327013,-0.007224896369734779,0.0002725949999999988,476,5
190,0.45,0.0012612164136953652,0.03165372146759182,-2.4660152792930603,0.005092412553494796,-0.0050258686824236065,0.0002724499999999988,478,5
191,0.45,-0.002820929978042841,0.02076722920173779,-2.4645507633686066,0.012586480748723261,-0.01078958172001876,0.0002723049999999988,479,5
192,0.45,-0.0001475967583246529,0.041102507268078625,-2.4295452535152435,0.010924050511675887,0.0015702299642725848,0.0002721599999999988,481,5
193,0.45,-0.004939571255818009,0.042062380351126194,-2.4408887028694153,0.022890771011589095,0.0031281175615731627,0.00027201499999999877,483,5
194,0.45,-0.0035111018805764616,0.02381253452040255,-2.4495842456817627,0.03170689876424149,-0.00024722685338929296,0.00027186999999999876,484,5
195,0.44,0.0002176101552322507,0.022313161636702716,-2.457412153482437,0.006168797466671094,-0.010115531469637062,0.00027172499999999876,485,5
196,0.45,0.0002069079491775483,0.046855714404955506,-2.4442104548215866,0.05349681302323006,0.02594106789911166,0.00027157999999999875,488,5
197,0.44,-0.005098096211440861,0.020499175298027694,-2.424968048930168,0.0314297262520995,-0.0033833254128694534,0.00027143499999999875,489,5
198,0.44,-0.00638434971915558,0.004441219178261235,-2.448156788945198,0.013125309720635414,-0.02208265254739672,0.00027128999999999874,489,5
199,0.44,-0.000341612845659256,0.01748947863234207,-2.4175881892442703,0.015015304292319342,-0.008265102689620107,0.00027114499999999873,490,5
200,0.44,-0.0058600491611287,0.019020879175513983,-2.451934888958931,0.012996335339266807,-0.014370790333487093,0.0002709999999999987,491,5
201,0.43,-0.0024593936395831406,0.016517923737410456,-2.4822684973478317,0.007817647456249688,-0.015114292618818581,0.0002708549999999987,492,5
202,0.43,-0.005975407257210463,0.023134710907470435,-2.4716030061244965,0.0060784739325754344,-0.016084844639408402,0.0002707099999999987,493,5
203,0.42,-0.0016328733181580901,0.04282998538110405,-2.4105764478445053,0.025120476551819593,0.00823659349407535,0.0002705649999999987,495,5
204,0.44,0.001953854050952941,0.057800763519480824,-2.4386972934007645,0.03116334162768908,0.02204893466841895,0.0002704199999999987,499,5
205,0.44,-0.004173309658654034,0.0035399638436501846,-2.448492854833603,0.03894890868104994,-0.007413801911752671,0.0002702749999999987,499,5
206,0.44,0.0030550440424121916,0.024789116228930652,-2.4456501454114914,0.030868212903442327,0.006427207845263183,0.0002701299999999987,500,5
207,0.44,0.0007521846564486623,0.03670211008284241,-2.44928415119648,0.0060269462774158455,-0.002376128322794102,0.0002699849999999987,502,5
208,0.45,-0.0011830071453005075,0.02641821128781885,-2.451914831995964,0.007110046295565553,-0.008938026236137375,0.0002698399999999987,503,5
209,0.44,-1.2088567018508911e-06,0.019909303460735828,-2.439140558242798,0.003099284498603083,-0.012888320154161192,0.00026969499999999867,504,5
210,0.44,-0.003326648729853332,0.028203836642205715,-2.453069567680359,0.011174034487339668,-0.008168408450728748,0.00026954999999999866,506,5
211,0.45,0.0025530362327117473,0.03939773642923683,-2.475117415189743,0.013828210707288235,0.00441483617760241,0.00026940499999999866,508,5
212,0.45,-0.007346773869358003,0.020840896904701367,-2.4373126924037933,0.03023090708302334,-0.006183998251799494,0.00026925999999999865,509,5
213,0.44,-0.00362514762673527,0.01864818698959425,-2.44624499976635,0.011520029613166116,-0.013003488740650937,0.00026911499999999865,510,5
214,0.46,0.001370117359329015,0.07726605841889977,-2.4700171798467636,0.03615130664547905,0.03337862860644236,0.00026896999999999864,514,5
215,0.45,0.003079069312661886,0.020475625002291054,-2.4406275302171707,0.021411627356428653,-0.00038357917219400406,0.00026882499999999863,515,5
216,0.45,-0.0016639372915960848,0.01966450276086107,-2.453373000025749,0.008941114392655436,-0.011894858500454575,0.0002686799999999986,516,5
217,0.46,-0.003763735352549702,0.0405571871669963,-2.4507916867733,0.01765748039179016,0.0008356821854249574,0.0002685349999999986,518,5
218,0.47,0.0015337254735641181,0.03497654618695378,-2.434643805027008,0.0019652778501040302,-0.004341800104157301,0.0002683899999999986,520,5
219,0.47,0.0017708326340653002,0.039061192190274596,-2.4466570615768433,0.0302225150517188,0.011946116093895398,0.0002682449999999986,522,5
220,0.46,0.0017091517802327871,0.021262474707327783,-2.4612367302179337,0.05000723386183381,0.012731639013509266,0.0002680999999999986,523,5
221,0.46,-0.0006509613012894988,0.051280323415994644,-2.4570095390081406,0.06466243280738126,0.03275032235251274,0.0002679549999999986,526,5
222,0.46,-0.004661359533201903,0.03331278031691909,-2.4646686911582947,0.003007512175827287,-0.011147899338538991,0.0002678099999999986,528,5
223,0.45,0.001055021130014211,0.01958711736369878,-2.4506192803382874,0.03433470729214605,0.0035097409854643047,0.0002676649999999986,529,5
224,0.45,-0.004013597150333226,0.001994549144001212,-2.4746800661087036,0.14882285629573744,0.04664830438559875,0.0002675199999999986,529,5
225,0.45,0.00032610882772132754,0.002537605629186146,-2.4569418281316757,0.011899715645995457,-0.01702464825939387,0.00026737499999999857,529,5
226,0.45,0.0002243531635031104,0.020524455758277327,-2.473791018128395,0.01752385654617683,-0.005489400151418522,0.00026722999999999856,530,5
227,0.45,0.00043656094931066036,0.03682820848189294,-2.478872373700142,0.0311911893368233,0.00965753685159143,0.00026708499999999856,532,5
228,0.46,-0.00619887188076973,0.04473431617952883,-2.4363885670900345,0.004853345024457667,-0.00576892642857274,0.00026693999999999855,534,5
229,0.45,-0.004328453971538693,0.020339785085525364,-2.454553797841072,0.01903911430235894,-0.00918454208294861,0.00026679499999999855,535,5
230,0.45,0.0017519545508548617,0.004800220413017087,-2.446396231651306,0.009292402108258102,-0.015665695958887227,0.00026664999999999854,535,5
231,0.45,-0.00039978569839149714,0.025153134134598076,-2.451267033815384,0.004170541276835138,-0.010250617960991804,0.00026650499999999853,536,5
232,0.45,0.0007816373836249113,0.07527070911601186,-2.435751721262932,0.024697782399016432,0.02640836624777876,0.00026635999999999853,540,5
233,0.44,-0.00675865396624431,0.07381746103055775,-2.476244240999222,0.23846188990864903,0.12461857823655009,0.0002662149999999985,545,5
234,0.45,0.00028097128961235285,0.05698664369992912,-2.45376718044281,0.0034243707996211015,0.005948807280219626,0.0002660699999999985,548,5
235,0.45,-0.007734519080258906,0.07494223047979176,-2.4429835379123688,0.0094116255568224,0.010012574173742905,0.0002659249999999985,552,5
236,0.46,0.0012620966881513596,0.018186911183875054,-2.423733577132225,0.008393834075832274,-0.009684865566669032,0.0002657799999999985,553,5
237,0.47,0.01017455302644521,0.040140379569493234,-2.3652470111846924,0.0014536505368596409,0.007319098243897315,0.0002656349999999985,555,5
238,0.5,0.011020003643352538,0.08514080033637583,-2.401316463947296,0.002928682224592194,0.031041580354212783,0.0002654899999999985,560,5
239,0.52,0.002071430440992117,0.041824267827905715,-2.4275810420513153,0.030269178139860742,0.013842343527358025,0.0002653449999999985,563,5
240,0.51,-0.0011580279096961021,0.046850844169966877,-2.4215888381004333,0.08641549618914723,0.041259254241595045,0.0002651999999999985,565,5
241,0.53,0.0032326675136573613,0.06135215051472187,-2.4255049973726273,0.00532398720679339,0.012315686719375663,0.00026505499999999847,570,5
242,0.54,0.002424184523988515,0.06770065892487764,-2.435717150568962,0.017890075338073075,0.020862381090410054,0.00026490999999999846,574,5
243,0.54,0.00033866451121866703,0.00496839483093936,-2.4549653381109238,0.0036405859063961543,-0.019906498055206612,0.00026476499999999846,574,5
244,0.53,-0.005461588152684271,0.04536684975028038,-2.404843807220459,0.017811798563343473,0.0020792984942090698,0.00026461999999999845,576,5
245,0.54,0.00745153590105474,0.052961766719818115,-2.4459338188171387,0.010007543729443569,0.014476853371888865,0.00026447499999999845,579,5
246,0.54,-5.07822260260582e-05,0.07188985869288445,-2.412793844938278,0.0029367821080086287,0.013234600388386752,0.00026432999999999844,583,5
247,0.55,-0.00400430109584704,0.02141120727173984,-2.4582332223653793,0.02197310348128667,-0.006894477759487927,0.00026418499999999843,584,5
248,0.57,0.004469420411624014,0.03789750824216753,-2.4412298649549484,0.053072099399287254,0.025541926210280508,0.00026403999999999843,586,5
249,0.57,-0.0008892895421013236,0.04183621297124773,-2.37642939388752,0.017062004917534068,0.00479552625620272,0.0002638949999999984,589,5
250,0.59,0.00037797208642587066,0.03506426839157939,-2.4366901516914368,0.029074357415083796,0.008080384097411297,0.0002637499999999984,591,5
251,0.6,0.003443098801653832,0.0162163331406191,-2.45686037838459,0.004579157721309457,-0.01072775898501277,0.0002636049999999984,592,5
252,0.6,-0.0010958140483126044,0.006235904496861622,-2.4177001416683197,0.026097138586919755,-0.009106293699005619,0.0002634599999999984,592,5
253,0.6,-0.0002025195281021297,0.0039576626440975815,-2.445291355252266,0.07101989022339694,0.012833343120291829,0.0002633149999999984,592,5
254,0.59,0.00508110283408314,0.07870601676404476,-2.4188940972089767,0.027231207728618756,0.03386077508912422,0.0002631699999999984,596,5
255,0.58,-0.0046225062978919595,0.025971912109525874,-2.413911148905754,0.011763321148464456,-0.009894000628264621,0.0002630249999999984,597,5
256,0.6,0.0006031258380971849,0.03185040416428819,-2.4106952995061874,0.0024135613639373332,-0.0063718438759678975,0.0002628799999999984,599,5
257,0.6,0.003398048924282193,0.03941032360307872,-2.39797180891037,0.01636781305569457,0.007307399744604481,0.00026273499999999837,601,5
258,0.61,0.00023277424043044448,0.05310567968990654,-2.386001616716385,0.0734390792058548,0.03964513848768547,0.00026258999999999837,604,5
259,0.63,0.00807816139422357,0.042416467098519206,-2.3847907930612564,0.023648528702324256,0.01726275193504989,0.00026244499999999836,607,5
260,0.63,0.0020671940874308348,0.09575550514273345,-2.413559705018997,0.041886716076987796,0.046752708905842155,0.00026229999999999835,613,5
261,0.62,-0.004629403061699122,0.039052772568538785,-2.3961421847343445,0.0013892308925278485,-0.008369822779059177,0.00026215499999999835,616,5
262,0.59,-0.002222449518740177,0.06034260825254023,-2.433357387781143,0.015418841823702678,0.011324702049023472,0.00026200999999999834,619,5
263,0.59,-0.0026507643051445484,0.07768788002431393,-2.4107078462839127,0.005773685050371569,0.014972940283769276,0.00026186499999999833,623,5
264,0.59,0.008412233379203826,0.0024018397234613076,-2.4421418458223343,0.006532458930450957,-0.011542035157617647,0.00026171999999999833,623,5
265,0.58,0.002097504533594474,0.03654925094451755,-2.437962770462036,0.005952930936473422,-0.0010310315119568259,0.0002615749999999983,625,5
266,0.59,-0.0006245677941478789,0.0783989573828876,-2.4693925380706787,0.001087883640138898,0.014424927976506297,0.0002614299999999983,629,5
267,0.6,0.0031430594390258193,0.022424966213293374,-2.463772788643837,0.012707188790955115,-0.003928590391296893,0.0002612849999999983,630,5
268,0.6,0.0013894019066356122,0.04214772244449705,-2.433506116271019,0.005406467722423258,0.0008314363221870735,0.0002611399999999983,632,5
269,0.59,-0.0008745628874748945,0.039434993872419,-2.475766196846962,0.010354694935813313,-0.0007373797707259655,0.0002609949999999983,634,5
270,0.6,-0.0017964197904802859,0.019778174464590847,-2.444329082965851,0.0015486391021113377,-0.01557630323804915,0.0002608499999999983,635,5
271,0.59,0.0016389534575864673,0.04539661994203925,-2.442764088511467,0.017238492153410334,0.008528868915163912,0.0002607049999999983,638,5
272,0.59,0.004670403082855046,0.045291260234080255,-2.443926230072975,0.02371812704950571,0.01473583490587771,0.0002605599999999983,641,5
273,0.59,-0.0029525449499487877,0.020866343227680773,-2.4609801322221756,0.006534389358421322,-0.013861979532521218,0.00026041499999999827,642,5
274,0.59,0.002872627810575068,0.038719032192602754,-2.441299691796303,0.0025023652578965994,-0.0009296700736740604,0.00026026999999999827,644,5
275,0.6,-0.0008910953183658421,0.02007668378064409,-2.3846574425697327,0.016056818327342626,-0.006670917857263703,0.00026012499999999826,645,5
276,0.6,-0.0024968721554614604,0.05300605879165232,-2.3551545292139053,0.05222693799441913,0.02656808093888685,0.00025997999999999825,648,5
277,0.61,0.0050788200460374355,0.05668250983580947,-2.400300055742264,0.016111973440274596,0.017473061598138884,0.00025983499999999825,652,5
278,0.6,0.004279478394892067,0.07050687004812062,-2.417738363146782,0.01633877618587576,0.0235249184188433,0.00025968999999999824,656,5
279,0.61,0.004533656989224255,0.038131809676997364,-2.425409123301506,0.006489962543128058,0.0025904524081852287,0.00025954499999999823,658,5
280,0.6,0.0029368798714131117,0.039565866347402334,-2.418327584862709,0.008198509036446922,0.002635792116052471,0.00025939999999999823,660,5
281,0.6,-0.0038149317260831594,0.003263493243139237,-2.4372677952051163,0.001000506199488882,-0.026055609225295484,0.0002592549999999982,660,5
282,0.59,-0.0011898120865225792,0.044709888054057956,-2.433709427714348,0.019954793497163337,0.006805435463320464,0.0002591099999999982,662,5
283,0.6,-0.001164984074421227,0.038783026626333594,-2.417710170149803,0.009481466506258585,-0.0012098386796424165,0.0002589649999999982,664,5
284,0.6,0.0005291862762533128,0.08188974834047258,-2.451333150267601,0.013771719008218497,0.02384658867958933,0.0002588199999999982,669,5
285,0.62,0.011019294324796647,0.03527094912715256,-2.4073006957769394,0.017512054793769494,0.013337789961951785,0.0002586749999999982,671,5
286,0.62,0.0033019635593518615,0.04521920706611127,-2.4308374226093292,0.004919314946164377,0.004062851068738382,0.0002585299999999982,673,5
287,0.63,-0.0020042452961206436,0.05935062584467232,-2.404288187623024,0.030920114717446268,0.01908824359998107,0.0002583849999999982,676,5
288,0.63,0.00431141973240301,0.052827984327450395,-2.385383129119873,0.006113669211117667,0.009928416126058437,0.0002582399999999982,679,5
289,0.64,0.002322875428944826,0.02103131462354213,-2.407492980360985,0.00042613466575858183,-0.011023329279851168,0.00025809499999999817,680,5
290,0.64,0.002355380856897682,0.02183352824067697,-2.417999431490898,0.005097598437714623,-0.00835904995619785,0.00025794999999999817,681,5
291,0.63,0.0016180801903828979,0.10209683980792761,-2.3911839723587036,0.008877673746610526,0.033193497685715556,0.00025780499999999816,687,5
292,0.64,-0.0032472730381414294,0.021679184632375836,-2.4335623383522034,0.000979847600319772,-0.016253379770205356,0.00025765999999999815,689,5
293,0.63,0.005143238522578031,0.039897552924230695,-2.4502641409635544,0.004013684410892893,0.0025962161234929226,0.00025751499999999815,691,5
294,0.63,0.0006318475934676826,0.05566837405785918,-2.448174461722374,0.014209137982106768,0.011088859364463133,0.00025736999999999814,694,5
295,0.63,-0.0020960220717824996,0.07077086949720979,-2.4092826396226883,0.004883852780039888,0.01163851322780829,0.00025722499999999813,698,5
296,0.62,0.0026084035634994507,0.03795927914325148,-2.4267145693302155,0.005922038606513524,0.0002819174842443317,0.00025707999999999813,701,5
297,0.63,0.0034439960145391524,0.051895925076678395,-2.3878697603940964,0.0030601866346842144,0.0070433548353321385,0.0002569349999999981,704,5
298,0.64,0.011452280799858272,0.035098888096399605,-2.4132641702890396,0.006375206394295674,0.008056687336647883,0.0002567899999999981,706,5
299,0.64,0.008393615542445332,0.00312345965357963,-2.4408536106348038,0.010498783994989935,-0.009203798312228173,0.0002566449999999981,706,5
300,0.63,-0.001111226505599916,0.07218566653318703,-2.409901589155197,0.010525284385948908,0.016145233588758856,0.0002564999999999981,710,5
301,0.62,-0.005941089242696762,0.05725019401870668,-2.426843971014023,0.04651574188028462,0.021673439303413033,0.0002563549999999981,713,5
302,0.63,-0.0013731102226302028,0.016514389571966603,-2.430422931909561,0.02983245821087621,-0.002503914918634109,0.0002562099999999981,714,5
303,0.64,0.005975599051453173,0.01796960597857833,-2.424022600054741,0.01143460954335751,-0.0035625186283141375,0.0002560649999999981,715,5
304,0.64,0.004821908107260242,0.019230704114306718,-2.433666869997978,0.0283076844207244,0.004254434199538082,0.0002559199999999981,716,5
305,0.66,-0.004990083049051464,0.06904169893823564,-2.437506377696991,0.012509961321484298,0.011410683451686054,0.00025577499999999807,720,5
306,0.65,0.0026528622256591916,0.026196980325039476,-2.4313995391130447,0.0056047404650598764,-0.005760272149927914,0.00025562999999999807,721,5
307,0.65,0.006401479651685804,0.04598244954831898,-2.47113861143589,0.02234598308132263,0.015854310186114162,0.00025548499999999806,723,5
308,0.64,-0.0015405751182697713,0.027261245530098677,-2.457789108157158,0.0052875587753078435,-0.009844063344644383,0.00025533999999999805,724,5
309,0.65,-0.0026962408737745136,0.019413883099332452,-2.4722343385219574,0.0010266433364449767,-0.01719832039088942,0.00025519499999999805,725,5
310,0.65,-0.0005007561994716525,0.024558339617215097,-2.4593431800603867,0.0047608836357539985,-0.010434575880935881,0.00025504999999999804,726,5
311,0.65,-0.005129788478370756,0.042759469826705754,-2.428015261888504,0.004115049829124473,-0.005972680606646463,0.00025490499999999803,728,5
312,0.65,-0.004500611510593444,0.02217706188093871,-2.4297794103622437,0.004520279904681956,-0.01544973425916396,0.00025475999999999803,729,5
313,0.64,-0.002481606090441346,0.08348718681372702,-2.436129108071327,0.0027158049542777007,0.016258599382126704,0.000254614999999998,733,5
314,0.62,0.001469341921620071,0.0729680445510894,-2.441874325275421,0.11405052983900532,0.07055988599313423,0.000254469999999998,736,5
315,0.63,-0.00016214512288570404,0.04362473217770457,-2.456176668405533,0.010282564970111707,0.002229737539892085,0.000254324999999998,738,5
316,0.64,-0.0013183876289986074,0.05446249130181968,-2.4767011553049088,0.0068910293812223244,0.004591361721395515,0.000254179999999998,741,5
317,0.64,-0.0020548964967019856,0.038138358388096094,-2.4516525715589523,0.020471992072998546,0.0027337537321727723,0.000254034999999998,743,5
318,0.62,0.0005045870784670115,0.04285274934954941,-2.4290229976177216,0.007007494896242861,0.0011444797928561457,0.000253889999999998,745,5
319,0.63,5.5523705668747425e-06,0.03271743864752352,-2.433231994509697,0.001756060948537197,-0.007090017264999915,0.000253744999999998,747,5
320,0.63,0.007264191284775734,0.03712552401702851,-2.454362079501152,0.010948502909741364,0.006757584371371195,0.000253599999999998,749,5
321,0.62,0.0038488612044602633,0.03305876353988424,-2.4255305975675583,0.003783516294788569,-0.0019853044796036556,0.00025345499999999797,751,5
322,0.62,-0.002425958577077836,0.021677611337509006,-2.4236615151166916,0.014327877870528027,-0.008659828512463719,0.00025330999999999797,752,5
323,0.6,-0.007274572621099651,0.042871224344708025,-2.446695253252983,0.011612380105361808,-0.004499722446780652,0.00025316499999999796,755,5
324,0.59,0.011499481566715986,0.059153866255655885,-2.4505019038915634,0.04406070339609869,0.0386017474666005,0.00025301999999999795,760,5
325,0.59,-0.004019110871013254,0.0249848302337341,-2.4563006460666656,0.005341609568858985,-0.013418897113297135,0.00025287499999999795,761,5
326,0.59,-0.0002269498072564602,0.020855860377196223,-2.430587276816368,0.0026562614511931315,-0.012776761315762997,0.00025272999999999794,762,5
327,0.59,-0.0013891483540646732,0.03593023668508977,-2.451078489422798,0.0040756288544798736,-0.005896999980905093,0.00025258499999999793,764,5
328,0.58,-0.0011554310331121087,0.021353958029067144,-2.441580504179001,0.029501868928491604,-0.00014332193677546456,0.00025243999999999793,765,5
329,0.57,-0.00035246217157691717,0.0401540178572759,-2.426426440477371,0.008713828174222726,-0.00018280303629580885,0.0002522949999999979,767,5
330,0.57,-0.002964900981169194,0.057192040141671896,-2.490102082490921,0.003766947891563177,0.0026135727966902778,0.0002521499999999979,770,5
331,0.56,-0.00661245861556381,0.032380582590121776,-2.38486485183239,0.002030287538218545,-0.01325567173626041,0.0002520049999999979,772,5
332,0.55,-0.0028145084506832063,0.05768674472346902,-2.4503620862960815,0.005539841535210144,0.004295164326322265,0.0002518599999999979,775,5
333,0.53,0.004468974657356739,0.05669361422769725,-2.4366728216409683,0.004500024970184313,0.010699066486267839,0.0002517149999999979,779,5
334,0.53,-0.0001227466855198145,0.0372507544234395,-2.445674642920494,0.0038070808514021337,-0.00405057477473747,0.0002515699999999979,781,5
335,0.54,0.004847452626563609,0.045387885300442576,-2.435390144586563,0.0021211878411122598,0.004248088189342525,0.0002514249999999979,784,5
336,0.53,0.0037625859840773046,0.024072677188087255,-2.4012147188186646,0.001467209636757616,-0.007479617488570511,0.0002512799999999979,785,5
337,0.53,-0.0023009272990748286,0.0047775340208318084,-2.4611013531684875,0.0012446699729480315,-0.0239008380449377,0.00025113499999999787,785,5
338,0.53,-0.0029699578299187124,0.057047212147153914,-2.457855135202408,0.017075117961212527,0.009512656652077567,0.00025098999999999787,788,5
339,0.53,0.0004279959248378873,0.03979331685695797,-2.4420277774333954,0.0009167832722596359,-0.003637231384345796,0.00025084499999999786,790,5
340,0.53,0.0007853299612179399,0.002219096102635376,-2.453980714082718,0.021590054006082937,-0.011849901842651889,0.00025069999999999785,790,5
341,0.53,0.006533974519697949,0.05783875472843647,-2.4407199919223785,0.014446054650761653,0.018269179650815204,0.00025055499999999785,793,5
342,0.53,-0.0032364081125706434,0.017820820619817823,-2.468140184879303,0.003755975700187264,-0.017129411455243826,0.00025040999999999784,794,5
343,0.53,0.004300280008465052,0.04918404296040535,-2.431167334318161,0.004143923899391666,0.006652590906014666,0.00025026499999999784,796,5
344,0.53,-0.0002000028034672141,0.005805211927508935,-2.478484332561493,0.0029407749898382463,-0.02061185205820948,0.00025011999999999783,796,5
345,0.53,0.003445626818574965,0.02028838379192166,-2.473964512348175,0.004023286935989745,-0.00913818262051791,0.0002499749999999978,797,5
346,0.52,-0.005716991901863366,0.04305951937567443,-2.4785385131835938,0.0028886933068861254,-0.0075282701836840715,0.0002498299999999978,799,5
347,0.53,0.0015514540718868375,0.02362777036614716,-2.4389801919460297,0.0010099653045472223,-0.01051947914311313,0.0002496849999999978,800,5
348,0.53,-0.0017561836866661906,0.04420950124040246,-2.472229167819023,0.002824169299856294,-0.0029616394385811873,0.0002495399999999978,802,5
349,0.53,0.000771096209064126,0.002229459278169088,-2.4661943316459656,0.0237315949780168,-0.010910319368122146,0.0002493949999999978,802,5
350,0.53,0.00044882966903969646,0.0022888146195327863,-2.471350982785225,0.006209698127349839,-0.020015423535369337,0.0002492499999999978,802,5
351,0.51,0.0003669841098599136,0.05460385978221893,-2.4417129158973694,0.018244419508846477,0.012373994824883994,0.0002491049999999978,805,5
352,0.51,0.0012101228348910809,0.05552811443340033,-2.451811209321022,0.001975521467102226,0.005443829373689368,0.0002489599999999978,808,5
353,0.5,-0.0010504748206585646,0.03257897787261754,-2.4500809609889984,0.003968412354879547,-0.00727758881112095,0.00024881499999999777,810,5
354,0.49,-0.0010038717882707715,0.10179894231259823,-2.4578520357608795,0.004320982730860123,0.02747757051838562,0.00024866999999999777,815,5
355,0.48,-0.0012241839431226254,0.04777122335508466,-2.463250532746315,0.03734543421160197,0.016701640153769404,0.00024852499999999776,818,5
356,0.48,-0.00517015450168401,0.02417432947549969,-2.4785740822553635,0.03197790409103618,-0.0018797778757289052,0.00024837999999999775,819,5
357,0.49,0.0034973028232343495,0.03589650779031217,-2.440563425421715,0.024877969772205688,0.009478907915763557,0.00024823499999999775,821,5
358,0.48,0.0037356363609433174,0.022744404966942966,-2.464705139398575,0.001658972605582676,-0.00870972596021602,0.00024808999999999774,822,5
359,0.48,0.0032712542451918125,0.00308952882187441,-2.426479458808899,0.05938048463940504,0.010241466807201505,0.00024794499999999774,822,5
360,0.49,0.0014724418288096786,0.0414277472300455,-2.4641557782888412,0.02839292917997227,0.011741223323042504,0.00024779999999999773,824,5
361,0.48,0.0018558717565611005,0.024276211101096123,-2.4544518440961838,0.007416044820274692,-0.006842517734185094,0.0002476549999999977,825,5
362,0.47,0.0014060975518077612,0.044356693513691425,-2.464069575071335,0.005230156901234295,0.0015588275855407119,0.0002475099999999977,828,5
363,0.47,6.0316931921988726e-05,0.023109396046493202,-2.442114844918251,0.04682556256011594,0.010606648254906759,0.0002473649999999977,829,5
364,0.47,0.0014093855861574411,0.05681524332612753,-2.435876876115799,0.04107797617325559,0.02599722739250865,0.0002472199999999977,832,5
365,0.49,0.0006039068102836609,0.04012729600071907,-2.4392055720090866,0.00761254741155426,8.17733962321654e-05,0.0002470749999999977,835,5
366,0.48,5.359190981835127e-05,0.03464324492961168,-2.4477382004261017,0.04577165897353552,0.01578366238391027,0.0002469299999999977,837,5
367,0.48,-0.0030538498831447214,0.07802072097547352,-2.4470580965280533,0.02262538214381493,0.02279862141222111,0.0002467849999999977,841,5
368,0.48,0.0010522917145863175,0.003996924962848425,-2.4683715850114822,0.003974202551034978,-0.01964585974928923,0.0002466399999999977,841,5
369,0.48,-0.0012457511911634356,0.04670815262943506,-2.4696779549121857,0.008849967001879122,0.0018365297582931817,0.0002464949999999977,844,5
370,0.47,0.0008751031709834933,0.03622944769449532,-2.455931141972542,0.0008964245462266263,-0.005121271558891749,0.00024634999999999767,846,5
371,0.47,-0.0002052572090178728,0.018483879015548155,-2.426248863339424,0.0009516883619653527,-0.014749961366760544,0.00024620499999999766,847,5
372,0.48,0.01569854619447142,0.06143097416497767,-2.4144481867551804,0.003969224064348964,0.024254164098238107,0.00024605999999999765,851,5
373,0.48,0.0001530965673737228,0.042042598710395396,-2.4573023468255997,0.0025259084304707358,-0.002135672861186322,0.00024591499999999765,853,5
374,0.5,-0.0005591520457528532,0.020965998468454927,-2.450158044695854,0.02075447011520737,-0.004200497351121157,0.00024576999999999764,855,5
375,0.5,0.0014039718080312014,0.025723624392412603,-2.445870503783226,0.028183204703964293,0.003898681592545472,0.00024562499999999764,857,5
376,0.48,0.0023817969486117363,0.03920257987920195,-2.446248486638069,0.006758757561328821,0.0008999814162962139,0.00024547999999999763,859,5
377,0.48,-0.0027233980945311487,0.019165837380569428,-2.471679672598839,0.00216971973895852,-0.016772415779996663,0.0002453349999999976,860,5
378,0.49,0.0013771230005659163,0.020702730573248118,-2.4322779327630997,0.0056512564660806675,-0.009768662035639863,0.0002451899999999976,861,5
379,0.48,-0.0005027359002269804,0.05207969876937568,-2.461720198392868,0.0041547549844835885,0.0029972894553793594,0.0002450449999999976,864,5
380,0.49,-0.0006650487193837762,0.04100510466378182,-2.438278630375862,0.0049592222094361205,-0.00206567115674261,0.0002448999999999976,866,5
381,0.5,0.00021514709806069732,0.06340430141426623,-2.4444665759801865,0.001472241131523333,0.008208753060898744,0.0002447549999999976,869,5
382,0.48,-6.703718099743128e-05,0.05263647041283548,-2.439479023218155,0.0005786520396213746,0.002145734426449053,0.0002446099999999976,872,5
383,0.47,-0.004251938546076417,0.039829732151702046,-2.431165039539337,0.005082705403765431,-0.00610736952512525,0.0002444649999999976,874,5
384,0.47,0.005582381971180439,0.0169867459917441,-2.4547030478715897,0.01806359365582466,-0.001439478510292247,0.0002443199999999976,875,5
385,0.47,-0.0032054558396339417,0.018461192958056927,-2.4694213271141052,0.03552239766577259,-0.0009078734437935054,0.0002441749999999976,876,5
386,0.46,-0.002896319841966033,0.01875677634961903,-2.453418120741844,0.00227964561781846,-0.016912289895117283,0.00024402999999999757,877,5
387,0.47,-0.001480475184507668,0.02794232952874154,-2.433028057217598,0.0005652352992910892,-0.011556972720427439,0.00024388499999999756,878,5
388,0.47,0.000507471093442291,0.03693476191256195,-2.4542301148176193,0.013338936361833476,0.0011020193705917336,0.00024373999999999758,880,5
389,0.47,-0.002556092047598213,0.002702688507270068,-2.449391186237335,0.0012806725362679572,-0.025058322973563918,0.00024359499999999758,880,5
390,0.45,0.002052034134976566,0.030832434305921197,-2.4416057020425797,0.025238187226932496,0.005671288701705635,0.00024344999999999757,882,5
391,0.44,0.0031192608294077218,0.015635031333658844,-2.454081878066063,0.009109435690334067,-0.00904932399498648,0.00024330499999999756,883,5
392,0.43,-0.0024499109713360667,0.017256330989766866,-2.4222584515810013,0.023270271252840757,-0.006409193592844531,0.00024315999999999756,884,5
393,0.42,0.00298940361244604,0.049298922531306744,-2.397819399833679,0.011361073371517705,0.009341208162368275,0.00024301499999999758,888,5
394,0.42,-0.007359099923633039,0.04228687356226146,-2.460507407784462,0.007867196007282473,-0.00688713865383761,0.0002428699999999976,890,5
395,0.41,-0.0010654071811586618,0.049179408815689385,-2.4080305248498917,0.0021126652281964198,0.0005003249680157751,0.0002427249999999976,892,5
396,0.41,-0.00435931992251426,0.014615994004998356,-2.4535277038812637,0.00923604238050757,-0.01696857821661979,0.0002425799999999976,893,5
397,0.43,-0.002876951766666025,0.06215331959538162,-2.4311059564352036,0.0013247888527985197,0.004551043235551333,0.0002424349999999976,896,5
398,0.43,-0.0014314184663817286,0.026566160784568638,-2.466635301709175,0.003369005631611799,-0.011130187958769966,0.0002422899999999976,897,5
399,0.43,-0.0016426537767983973,0.02689731726422906,-2.42779903113842,0.021168472529097926,-0.0018877486581914127,0.00024214499999999762,899,5
400,0.42,-0.0014996640384197235,0.05304111202713102,-2.424448311328888,0.0163424991797001,0.008947658847318962,0.00024199999999999762,902,5
401,0.42,0.004824044415727258,0.01739131665090099,-2.414372608065605,0.0011422486140872934,-0.010052898745925631,0.00024185499999999764,903,5
402,0.42,-5.033641355112195e-05,0.04496166913304478,-2.436120852828026,0.016794496987131424,0.006466538034146652,0.00024170999999999763,905,5
403,0.44,0.00451085576787591,0.0591760678216815,-2.4035226106643677,0.0034766411408782005,0.011801985063357279,0.00024156499999999762,909,5
404,0.44,0.002379646000918001,0.01951801171526313,-2.3840801268815994,0.003800824069912778,-0.009801737163797952,0.00024141999999999762,910,5
405,0.44,-0.002246287651360035,0.022795638418756425,-2.4235448241233826,0.0034396297342027538,-0.013364101407205453,0.0002412749999999976,911,5
406,0.44,0.0029162816354073584,0.04072043008636683,-2.415424108505249,0.0018337179008085513,3.9115002437029034e-05,0.0002411299999999976,913,5
407,0.45,-0.005327372811734676,0.05287395208142698,-2.386330083012581,0.0013395784008025657,-0.002083907475025626,0.0002409849999999976,916,5
408,0.45,0.009586942964233458,0.09146437747403979,-2.3563377410173416,0.01128546909603756,0.03739848989062011,0.0002408399999999976,921,5
409,0.46,-0.0037859780713915825,0.024544726649764925,-2.4069692194461823,0.006503303360659629,-0.012331654957961291,0.00024069499999999759,922,5
410,0.46,-0.0007316291448660195,0.04213587648700923,-2.4063894748687744,0.0009292765589634655,-0.0032629467314109206,0.00024054999999999758,924,5
411,0.46,-0.0015239401836879551,0.002946058433735743,-2.4039516150951385,0.0141823778685648,-0.01699923735577613,0.00024040499999999757,924,5
412,0.47,-0.0021413338254205883,0.023091957380529493,-2.3680252134799957,0.0030972445911174873,-0.012726984707114752,0.00024025999999999757,925,5
413,0.49,0.0025725371669977903,0.05449104146100581,-2.3493822664022446,0.0019100705849268707,0.007279271230800077,0.00024011499999999756,928,5
414,0.49,-0.0053370059467852116,0.03364930872339755,-2.324703171849251,0.006257208187889773,-0.008630779229861218,0.00023996999999999756,930,5
415,0.52,0.006564815528690815,0.042694927426055074,-2.3630101680755615,0.0007957406178320525,0.004680048092268407,0.00023982499999999755,933,5
416,0.5,-0.0012377130333334208,0.06387769407592714,-2.295071467757225,0.014595818143789074,0.015048328834382119,0.00023967999999999754,936,5
417,0.5,-0.0034454602864570916,0.05476883240044117,-2.3428214490413666,0.0026400304304843303,0.0018307569771423005,0.00023953499999999754,939,5
418,0.52,0.001442445325665176,0.05765642807818949,-2.3386965692043304,0.0005266244907033979,0.0071470067705377005,0.00023938999999999756,943,5
419,0.54,0.0014937888772692531,0.04342269117478281,-2.3296091705560684,0.0020865348451479804,0.0009523107864879421,0.00023924499999999755,945,5
420,0.54,0.0031053434358909726,0.0397528070025146,-2.3391273021698,0.0007426300585393619,-3.821032078121789e-05,0.00023909999999999757,947,5
421,0.53,-0.0024318706709891558,0.06037707137875259,-2.3471116423606873,0.00891867556674697,0.008744886403292185,0.00023895499999999757,950,5
422,0.52,0.004843195143621415,0.07894736248999834,-2.279222309589386,0.02736963750976429,0.035209472640417516,0.00023880999999999756,955,5
423,0.54,0.004531452927039936,0.08980733342468739,-2.315145894885063,0.16320809116587043,0.10788770811632276,0.00023866499999999755,961,5
424,0.54,0.001218087738379836,0.0789312981069088,-2.2938418835401535,0.027238303067861125,0.03136447074939497,0.00023851999999999755,965,5
425,0.54,0.0036234646395314485,0.10791192529723048,-2.318138003349304,0.015845132526010275,0.04232061456423253,0.00023837499999999757,971,5
426,0.56,0.0006159781478345394,0.05570790870115161,-2.4009200632572174,0.02454368377220817,0.016732574353227392,0.00023822999999999756,974,5
427,0.57,-0.0025503934011794627,0.04122875665780157,-2.38684618473053,0.020791856366486172,0.004591451783198863,0.00023808499999999756,976,5
428,0.57,0.0009126405930146575,0.06664744345471263,-2.3818615823984146,0.016144777595400228,0.018490135895262938,0.00023793999999999755,980,5
429,0.6,0.001188285299576819,0.05437876842916012,-2.4021238833665848,0.00738167020608671,0.008047266393987229,0.00023779499999999754,983,5
430,0.61,0.0002503014402464032,0.0374071589903906,-2.3603895604610443,0.022712334859534167,0.006706153217237443,0.00023764999999999756,985,5
431,0.63,-0.0008763246005401015,0.03383332199882716,-2.3783581852912903,0.006436541327275336,-0.004524974276137073,0.00023750499999999758,987,5
432,0.62,0.0013707264442928135,0.02580746030434966,-2.429088294506073,0.006684589885480818,-0.006674130854662508,0.0002373599999999976,988,5
433,0.63,-0.0005960470298305154,0.0566057909745723,-2.436058595776558,0.0019517304535838775,0.004322128273997805,0.0002372149999999976,991,5
434,0.63,-0.003015023423358798,0.020646229037083685,-2.4356668442487717,0.001613316334442061,-0.016241918579908088,0.0002370699999999976,992,5
435,0.63,0.0056001555058173835,0.040349691291339695,-2.421742260456085,0.0037775093333038967,0.003446334019827191,0.00023692499999999761,994,5
436,0.62,0.010437352291774005,0.07025099662132561,-2.4161293357610703,0.032215535116847605,0.037509325236896984,0.0002367799999999976,998,5
437,0.63,0.0021391852642409503,0.08024358726106584,-2.4027020633220673,0.016644686955260113,0.02655630228400696,0.0002366349999999976,1003,5
438,0.63,-0.0023265760391950607,0.05813355999998748,-2.40061853826046,0.02457043265167158,0.015019235375802964,0.0002364899999999976,1006,5
439,0.63,0.0013124628458172083,0.03693942225072533,-2.3892180919647217,0.006548764467879664,-0.0008356239632121287,0.0002363449999999976,1008,5
440,0.63,-0.004281387431547046,0.04153846425469965,-2.4062893986701965,0.0028895423020003363,-0.006130277488409774,0.00023619999999999758,1010,5
441,0.62,-0.004488312813919038,0.02127332056988962,-2.4011166095733643,0.0010572504688752815,-0.01733419312040496,0.0002360549999999976,1011,5
442,0.62,0.0014987540780566633,0.04102324030827731,-2.3441093415021896,0.01649816093413392,0.006818362133344635,0.00023590999999999762,1013,5
443,0.59,0.0029251520172692835,0.0674395018722862,-2.355295702815056,0.02934084736625664,0.027762370475102216,0.00023576499999999762,1017,5
444,0.59,-0.001633805106393993,0.036696209106594324,-2.329550951719284,0.013349528888284112,9.355464135296643e-05,0.0002356199999999976,1019,5
445,0.6,0.0012253372115083039,0.05735326302237809,-2.3500781655311584,0.0029914320839452557,0.007896903669461608,0.0002354749999999976,1023,5
446,0.6,-0.0026138577377423644,0.05607215710915625,-2.364148110151291,0.0009402158657394466,0.00225084829799016,0.0002353299999999976,1026,5
447,0.6,-0.003762556822039187,0.047160842921584845,-2.3906457275152206,0.0007798251936037559,-0.003698679414810613,0.0002351849999999976,1029,5
448,0.59,-0.0032226762268692255,0.04954103357158601,-2.4154052287340164,0.0474636793078389,0.021125628583831713,0.00023503999999999761,1031,5
449,0.58,0.0001660111011005938,0.045738825807347894,-2.3435084968805313,0.006929756833415013,0.0030652179557364434,0.0002348949999999976,1033,5
450,0.59,-0.0009347419836558402,0.06005476997233927,-2.376763716340065,0.00183034359542944,0.006240178559892229,0.00023474999999999763,1036,5
451,0.59,0.0017913279589265585,0.059153915382921696,-2.3769710659980774,0.000528720587681164,0.007862935599405318,0.00023460499999999762,1039,5
452,0.58,0.0012094906996935606,0.036349421250633895,-2.388486459851265,0.007406566441204632,-0.0007973794708959758,0.00023445999999999762,1042,5
453,0.57,-0.00341097338241525,0.04178842797409743,-2.3635244369506836,0.02658013900509104,0.007138066343031824,0.0002343149999999976,1044,5
454,0.57,-0.00040863692993298173,0.05704270419664681,-2.370045632123947,0.001729724808683386,0.005277121716062538,0.00023416999999999763,1048,5
455,0.57,0.0004916967591270804,0.038558623171411455,-2.395387053489685,0.010761759673187044,0.0011980179842794314,0.00023402499999999762,1051,5
456,0.57,-0.005044804827775806,0.08039820799604058,-2.397228464484215,0.06950034844339825,0.04593218892114237,0.00023387999999999762,1056,5
457,0.55,-0.0019686518935486674,0.06644414644688368,-2.4035486578941345,0.0731710157415364,0.04380344343371689,0.00023373499999999764,1061,5
458,0.55,-0.0027808804297819734,0.033701906562782824,-2.437297061085701,0.01291800701073953,-0.003843893588054925,0.00023358999999999763,1063,5
459,0.56,-0.005946348246652633,0.018373252009041607,-2.442802667617798,0.0005656560879288008,-0.020904920529574156,0.00023344499999999763,1064,5
460,0.56,-0.002098205382935703,0.01913747112848796,-2.427340805530548,0.015003545178842614,-0.009301105143094901,0.00023329999999999762,1065,5
461,0.56,0.002247762167826295,0.04133464174810797,-2.4010278582572937,0.014130697782093193,0.0059701537393266335,0.00023315499999999761,1068,5
462,0.58,-0.0017929576570168138,0.04246765945572406,-2.380054146051407,0.004521527785072976,-0.0020989047188777477,0.0002330099999999976,1071,5
463,0.58,0.0030094727990217507,0.09787945123389363,-2.3735810071229935,0.01999942320981063,0.03821310061903205,0.0002328649999999976,1076,5
464,0.58,0.0034990093554370105,0.06319146789610386,-2.346136838197708,0.007285002138814889,0.015275876765372232,0.0002327199999999976,1080,5
465,0.57,0.005375964508857578,0.08541786996647716,-2.3799986988306046,0.003762898815693916,0.026166362818912603,0.0002325749999999976,1085,5
466,0.56,0.0017024929984472692,0.09945782134309411,-2.384091228246689,0.018721590819041012,0.03695128730032593,0.00023242999999999758,1091,5
467,0.57,0.004336755722761154,0.0972284167073667,-2.3959510773420334,0.02548698704049457,0.041734946746146306,0.00023228499999999758,1097,5
468,0.57,0.008819980663247406,0.059449305990710855,-2.377691239118576,0.0012478221433411818,0.015391633700346574,0.0002321399999999976,1100,5
469,0.57,0.00033942272420972586,0.03564210026524961,-2.4032457917928696,0.0036162961841910146,-0.0040638363134348765,0.0002319949999999976,1102,5
470,0.56,-0.007046890677884221,0.07446968997828662,-2.374082013964653,0.01597676247183699,0.014435515899094753,0.00023184999999999759,1106,5
471,0.56,0.0004995898925699294,0.05864952434785664,-2.367728069424629,0.00645844259270234,0.00937629315740196,0.0002317049999999976,1109,5
472,0.59,4.575052298605442e-05,0.07557261944748461,-2.3904044032096863,0.005871091103472281,0.016863562021171674,0.0002315599999999976,1114,5
473,0.6,-8.268468081951141e-05,0.09861518815159798,-2.348782926797867,0.008304096496431157,0.02988912892760709,0.0002314149999999976,1119,5
474,0.59,-0.004631777759641409,0.07821842259727418,-2.344585344195366,0.021975758325424977,0.02201945889100898,0.0002312699999999976,1123,5
475,0.59,0.0062745806644670665,0.06520562362857163,-2.4025440365076065,0.02181617343740072,0.02576003919239156,0.00023112499999999758,1127,5
476,0.59,0.003914495173376054,0.07031808455940336,-2.3681260645389557,0.00632350836895057,0.0185540312086232,0.0002309799999999976,1131,5
477,0.59,-0.003031291125807911,0.03488702984759584,-2.4138623625040054,0.01015694248053478,-0.004647928173653781,0.00023083499999999762,1133,5
478,0.6,0.002352874609641731,0.07357823895290494,-2.3966420590877533,0.0035613465479400475,0.01695624747662805,0.00023068999999999762,1137,5
479,0.6,0.004185621161013842,0.06131018768064678,-2.3720574975013733,0.0013554011347878259,0.011797841394582065,0.00023054499999999764,1142,5
480,0.6,0.0026438029599376023,0.044012662721797824,-2.366130217909813,0.001701988052445813,0.001839826516516041,0.00023039999999999766,1145,5
481,0.6,0.0029054480837658048,0.10293250437825918,-2.362456738948822,0.0018251892379339552,0.03165972710121423,0.00023025499999999768,1151,5
482,0.6,0.004045515903271735,0.055308276787400246,-2.326362296938896,0.010966166431899182,0.013919115546741523,0.00023010999999999767,1154,5
483,0.62,0.003926633973605931,0.07204314414411783,-2.3466508984565735,0.017100740478781518,0.025032067998836283,0.00022996499999999767,1158,5
484,0.63,0.001260904798982665,0.031384984496980906,-2.3837033957242966,0.025540711998473853,0.00588671988225542,0.00022981999999999766,1160,5
485,0.62,0.0030845763394609094,0.05708632059395313,-2.3900371342897415,0.012780465363903204,0.014117598184384406,0.00022967499999999765,1164,5
486,0.59,-0.0011071016197092831,0.10480418894439936,-2.384083941578865,0.006654517299466534,0.030781412875512615,0.00022952999999999765,1170,5
487,0.59,-0.003730531723704189,0.04010017146356404,-2.413873016834259,0.01791571768990252,0.001138683088356629,0.00022938499999999764,1172,5
488,0.6,-0.0037173075252212584,0.07223412021994591,-2.404773101210594,0.008259339458163595,0.012481691519496962,0.00022923999999999764,1176,5
489,0.6,-0.0017023517575580627,0.0776271338108927,-2.433436840772629,0.008882768277544528,0.01721823117986787,0.00022909499999999766,1180,5
490,0.6,-0.0020622671581804752,0.056021938333287835,-2.405471161007881,0.008429192872426938,0.006108587447670288,0.00022894999999999765,1185,5
491,0.61,-0.0001548725995235145,0.06948493327945471,-2.4199670255184174,0.0047271669673136785,0.012751507943903562,0.00022880499999999764,1189,5
492,0.6,-0.00513055911869742,0.043532407376915216,-2.4452646374702454,0.004758733419294003,-0.005437634463305585,0.00022865999999999767,1191,5
493,0.6,-0.003797921526711434,0.023376766708679497,-2.4134639650583267,0.007117952218322898,-0.012685201611020602,0.00022851499999999766,1192,5
494,0.58,0.001692265272140503,0.04736535088159144,-2.434247389435768,0.01566713758802507,0.008866035903338343,0.00022836999999999768,1194,5
495,0.58,0.004131579189561307,0.002804291565553285,-2.4569098949432373,0.014305085700470954,-0.011882830469403416,0.00022822499999999767,1194,5
496,0.57,-0.005388512741774321,0.0565709110815078,-2.4445725828409195,0.0007954787979542743,-0.0011510430886119138,0.00022807999999999767,1197,5
497,0.57,-0.003810693451669067,0.0031644039263483137,-2.4408182203769684,0.0025243500276701525,-0.02537449833471328,0.00022793499999999766,1197,5
498,0.56,0.000528327829670161,0.038583091692999005,-2.43878410756588,0.015716725574748125,0.003290395747171715,0.00022778999999999765,1199,5
499,0.56,-0.0037937802844680846,0.054440724896267056,-2.403350293636322,0.008898208065147628,0.0038421840272349073,0.00022764499999999765,1202,5
500,0.56,0.006826378783443943,0.04629834956722334,-2.4202186167240143,0.019951760143158026,0.015749248126667226,0.00022749999999999764,1204,5
501,0.57,0.0027788503211922944,0.03950848733074963,-2.4264878630638123,0.012090757885744097,0.004313594909035601,0.00022735499999999766,1206,5
502,0.56,-0.001741233456414193,0.04290441330522299,-2.4192911088466644,0.00028389321960275993,-0.00433999036977184,0.00022720999999999766,1209,5
503,0.54,0.0008731724228709936,0.08083952916786075,-2.391502872109413,0.0024942699697021453,0.01862504349264782,0.00022706499999999768,1214,5
504,0.54,0.0004641056584659964,0.023433553986251354,-2.405563995242119,0.0026320916185795795,-0.010558710971963592,0.0002269199999999977,1215,5
505,0.55,-0.003377264365553856,0.07093972340226173,-2.4266088008880615,0.0010792798348120414,0.008366149828361813,0.0002267749999999977,1219,5
506,0.57,-0.0020086622098460793,0.034931363887153566,-2.427258864045143,0.01665220648283139,-0.0004894650191999972,0.0002266299999999977,1221,5
507,0.57,-0.006552761216880754,0.019176923611667007,-2.3796164095401764,0.012549099343232228,-0.014485913648968562,0.00022648499999999773,1222,5
508,0.56,0.001370889600366354,0.05475627747364342,-2.3888460397720337,0.01696115653612651,0.013341146674065385,0.00022633999999999773,1225,5
509,0.58,0.004091738723218441,0.05740713747218251,-2.372730314731598,0.010605936709907837,0.014370973512995988,0.00022619499999999772,1229,5
510,0.57,-0.001987630850635469,0.04181527125183493,-2.4221857339143753,0.013716692283196608,0.0015564941932098009,0.00022604999999999772,1231,5
511,0.55,0.001983591035241261,0.07824683329090476,-2.403446689248085,0.04237534513231367,0.03826021324493922,0.0002259049999999977,1236,5
512,0.54,0.003941507660783827,0.07642240612767637,-2.414165213704109,0.004923605789372232,0.02047286243760027,0.0002257599999999977,1240,5
513,0.54,-0.0014279478345997632,0.025223405158612877,-2.426994100213051,0.004835271036427002,-0.010668550195987336,0.0002256149999999977,1241,5
514,0.54,0.00015643774531781673,0.0032935224298853427,-2.41132815182209,0.0011506907521834364,-0.02173473680159077,0.0002254699999999977,1241,5
515,0.54,-0.001615081389900297,0.07082113903015852,-2.3490555584430695,0.001791097731256741,0.01120048184384359,0.0002253249999999977,1245,5
516,0.54,0.003937261295504868,0.054749795235693455,-2.3826906085014343,0.023084116372046992,0.019027311238460243,0.0002251799999999977,1248,5
501,0.3333333333333333,-0.004614194680470973,0.05344148236326873,-2.4538241624832153,0.009399967166245915,0.0022682887502014637,0.00022735499999999766,3,0
502,0.4,-0.0006138190801721066,0.04027522692922503,-2.3805476278066635,0.000244302422288456,-0.004159530357355834,0.00022720999999999766,5,0
503,0.5,-0.004590918775647879,0.06385183054953814,-2.4137016385793686,0.002162968716220348,0.004279464983483194,0.00022706499999999768,8,0
504,0.5,-0.0027129449299536645,0.04761099396273494,-2.4342598915100098,0.015058444856549613,0.004279175744159147,0.0002269199999999977,10,0
505,0.5,-0.0020446404814720154,0.02669256238732487,-2.421068012714386,0.01114287460950436,-0.0073376017971895635,0.0002267749999999977,12,0
506,0.5,-0.004620050371158868,0.03972491202875972,-2.440910279750824,0.009444217015698086,-0.004444587844773196,0.0002266299999999977,14,0
507,0.5333333333333333,0.002599948667921126,0.017470829945523292,-2.42778742313385,0.0015860969597270014,-0.012149461661465466,0.00022648499999999773,15,0
508,0.5,0.002613829041365534,0.028842645057011396,-2.390557363629341,0.0021671722188330023,-0.005786835099570453,0.00022633999999999773,16,0
509,0.45,0.002931887109298259,0.07541253138333559,-2.403970569372177,0.0087258279818343,0.02096136167529039,0.00022619499999999772,20,0
510,0.4782608695652174,0.0037204820837359875,0.058194512501358986,-2.3848234862089157,0.028363031189655885,0.02315101971180411,0.00022604999999999772,23,0
511,0.5185185185185185,0.00043884821934625506,0.05940844933502376,-2.422836273908615,0.0013594294750873814,0.006594425634830259,0.0002259049999999977,27,1
512,0.5,0.0011587534681893885,0.026003550039604306,-2.400532379746437,0.003377250486664707,-0.008156169671565294,0.0002257599999999977,28,1
513,0.5161290322580645,-0.0011731766862794757,0.04465870594140142,-2.4258172512054443,0.0050059247314493405,-0.0005990333738736808,0.0002256149999999977,31,1
514,0.5294117647058824,-0.0006881525623612106,0.0586320124566555,-2.4011164605617523,0.00894145557685988,0.009087417522096075,0.0002254699999999977,34,1
515,0.5428571428571428,-0.00253500827238895,0.016643038514303043,-2.4272550344467163,0.003435410308156861,-0.01676833377314324,0.0002253249999999977,35,1
516,0.5277777777777778,-0.0005263864295557141,0.023987948254216462,-2.3941973745822906,0.022782932577683823,-0.0010829193197423592,0.0002251799999999977,36,1
517,0.4878048780487805,-0.0007457836763933301,0.09142910898663104,-2.401581346988678,0.013749616398854414,0.027827766054542735,0.0002250349999999977,41,1
518,0.4772727272727273,0.0009637969778850675,0.0501603027805686,-2.438951924443245,0.003725486258190358,0.003517172443025629,0.0002248899999999977,44,1
519,0.5,-0.005901261989492923,0.035181429237127304,-2.416814774274826,0.004284272026779945,-0.010336558472772595,0.0002247449999999977,46,1
520,0.4897959183673469,0.0005563315353356302,0.06537881190888584,-2.428967982530594,0.0013325597610673867,0.009622338166082045,0.0002245999999999977,49,1
521,0.5094339622641509,-0.005319631251040846,0.07828604616224766,-2.43424753844738,0.0029180277342675254,0.010939930434687994,0.0002244549999999977,53,2
522,0.5,0.0009105373756028712,0.05421450175344944,-2.436627745628357,0.0036907630264977342,0.005496892757946625,0.0002243099999999977,56,2
523,0.5,-0.003950972342863679,0.002414328177110292,-2.4272785782814026,0.0015845800044189673,-0.026224303466733545,0.00022416499999999772,56,2
524,0.5,-0.005876264127437025,0.03858436003793031,-2.4258142560720444,0.0028789456046069972,-0.009402753203175962,0.0002240199999999977,58,2
525,0.5238095238095238,-0.0018479595892131329,0.07721057999879122,-2.4162289798259735,0.0007792445467202924,0.01298466335356352,0.0002238749999999977,63,2
526,0.5230769230769231,0.0010434874566271901,0.03792610066011548,-2.444439485669136,0.0015757364380988292,-0.0036499885172815993,0.0002237299999999977,65,2
527,0.5441176470588235,0.004386312211863697,0.04803991655353457,-2.4157169461250305,0.0010084581772389356,0.004753330271341838,0.0002235849999999977,68,2
528,0.5492957746478874,0.006838963076006621,0.05915117356926203,-2.3818399608135223,0.01946104597300291,0.022326673264615238,0.00022343999999999768,71,2
529,0.56,0.002329452778212726,0.07180831115692854,-2.4339492470026016,0.022349367471178994,0.02506880002329126,0.0002232949999999977,75,2
530,0.5641025641025641,-0.006610678683500737,0.05598367704078555,-2.4520749300718307,0.002161610780603951,-0.0020587832877936307,0.0002231499999999977,78,2
531,0.5609756097560976,-0.0009350881446152925,0.06249985843896866,-2.3956882506608963,0.009953744687663857,0.011334831069689244,0.00022300499999999772,82,3
532,0.5714285714285714,0.003703968657646328,0.041575509239919484,-2.4317402839660645,0.0030894093943061307,0.0017190256985486485,0.00022285999999999771,84,3
533,0.5747126436781609,0.005148906027898192,0.0532909722533077,-2.3804380893707275,0.008123606581648346,0.012051815312588587,0.0002227149999999977,87,3
534,0.5978260869565217,0.007766566122882068,0.06667615566402674,-2.4315058141946793,0.004244780488079414,0.018911976178060286,0.0002225699999999977,92,3
535,0.6021505376344086,-0.004198973882012069,0.016464256157632917,-2.3832626044750214,0.0008010581568669295,-0.019398942371481098,0.00022242499999999772,93,3
536,0.6,0.00267399349831976,0.040406488929875195,-2.38695065677166,0.0010573855761322193,-0.00046357536120922305,0.00022227999999999772,95,3
537,0.6020408163265306,-0.0005937340029049665,0.05913124233484268,-2.422906130552292,0.001497287637903355,0.005491470219567418,0.0002221349999999977,98,3
538,0.61,-0.0017431032611057162,0.03648246452212334,-2.446639761328697,0.0012426505445546354,-0.007346942802541889,0.0002219899999999977,100,3
539,0.61,-0.002196072193328291,0.03756631992291659,-2.4365133494138718,0.006522028412291547,-0.004517031069553923,0.0002218449999999977,103,3
540,0.62,-0.0024585670907981694,0.029975736397318542,-2.4320144057273865,0.000434872716141399,-0.011573405761737376,0.0002216999999999977,105,3
541,0.63,-0.0020456949714571238,0.035300682531669736,-2.3848249316215515,0.001227318171004299,-0.007629943451320287,0.00022155499999999768,107,4
542,0.63,-0.005417768727056682,0.037834982853382826,-2.3948656767606735,0.002360109381697839,-0.009268878784496337,0.00022140999999999768,109,4
543,0.62,0.00600430608028546,0.03502285061404109,-2.3831018060445786,0.0010771095603558933,0.00022326848375087138,0.00022126499999999767,111,4
544,0.62,-0.0033245672238990664,0.044100072234869,-2.433526650071144,0.000959906265961763,-0.005129843833856285,0.0002211199999999977,113,4
545,0.61,-0.0017970685730688274,0.07142977090552449,-2.39833964407444,0.00495760623653041,0.012413224263127631,0.0002209749999999977,118,4
546,0.61,-0.00030942726880311966,0.03812933620065451,-2.4181684851646423,0.0031819934101804392,-0.0038354468415491283,0.00022082999999999768,120,4
547,0.6,-0.0018050853395834565,0.024315363145433366,-2.411510407924652,0.001530560195533326,-0.012997227375308285,0.00022068499999999767,121,4
548,0.6,-0.0018965136259794235,0.003593894565710798,-2.3998815715312958,0.00034220252200611867,-0.02392728003906086,0.0002205399999999977,121,4
549,0.6,-0.0030144074698910117,0.03839029825758189,-2.427478700876236,0.02301167846599128,0.003411794707062654,0.00022039499999999772,123,4
550,0.6,-0.0013577814679592848,0.07676184386946261,-2.3732241094112396,0.016298760298923298,0.021440280441311188,0.00022024999999999774,127,4
551,0.61,-0.0011057501542381942,0.05084511265158653,-2.421443685889244,0.005450050874060253,0.002827395626809448,0.00022010499999999773,130,5
552,0.61,0.00014902593102306128,0.02129562187474221,-2.410234585404396,0.00040280502071254887,-0.013104106245009461,0.00021995999999999775,131,5
553,0.61,-0.0028845075285062194,0.055630076909437776,-2.4184338748455048,0.007030600313555624,0.004261492686055135,0.00021981499999999775,134,5
554,0.62,-0.0021379285026341677,0.041817752411589026,-2.414415344595909,0.0005513303594852914,-0.005097539878988755,0.00021966999999999777,137,5
555,0.62,-0.002452951273880899,0.03902759123593569,-2.408269003033638,0.0006984927840676391,-0.006672598734439816,0.00021952499999999776,139,5
556,0.63,-4.020635969936848e-05,0.023251895210705698,-2.438411146402359,0.00041837338267214363,-0.012589182557348977,0.00021937999999999778,140,5
557,0.63,-0.003842551668640226,0.08084278833121061,-2.4024476259946823,0.0010761187409116246,0.01309242609568173,0.00021923499999999777,144,5
558,0.64,-0.00352280936203897,0.06348205194808543,-2.3923014253377914,0.00044186877721585915,0.004516137965765665,0.00021908999999999777,149,5
559,0.63,0.003175679303240031,0.03786292427685112,-2.4321010559797287,0.000930418650568754,-0.001748659638906247,0.00021894499999999776,151,5
560,0.64,-0.002412727801129222,0.060774964513257146,-2.412184774875641,0.0010594017785479082,0.004382608294690726,0.00021879999999999776,156,5
561,0.64,-0.0029673472163267434,0.08583846595138311,-2.3823916912078857,0.0034678945321502397,0.01786191688006511,0.00021865499999999778,161,5
562,0.63,-0.0018984096823260188,0.039949593716301024,-2.3583415001630783,0.001415115395502653,-0.0047994694868975785,0.00021850999999999777,164,5
563,0.62,0.0018524809274822474,0.07990646827965975,-2.3823490291833878,0.0033615660713621764,0.019663008075440302,0.00021836499999999776,169,5
564,0.63,0.0018851333297789097,0.05681443598587066,-2.3421442955732346,0.0016176518265638151,0.007679734757402912,0.00021821999999999779,174,5
565,0.64,0.0019311941869091243,0.05264397314749658,-2.367832139134407,0.0003536759249982424,0.004751697437313851,0.00021807499999999778,178,5
566,0.64,-0.001112049212679267,0.08090633992105722,-2.3182795345783234,0.025949223789211828,0.02913293766323477,0.00021792999999999777,184,5
567,0.63,-0.0008062097476795316,0.1035832348279655,-2.3272928446531296,0.005926660407567397,0.030675810237880796,0.00021778499999999777,189,5
568,0.61,0.0005863300466444343,0.052753047086298466,-2.3228059262037277,0.0012051613548464957,0.004337375845352653,0.00021763999999999776,193,5
569,0.63,0.005320852913428098,0.05278992233797908,-2.354906663298607,0.0003711962281158776,0.00835234583428246,0.00021749499999999778,197,5
570,0.63,0.002950381487607956,0.09254776174202561,-2.288787826895714,0.0040550980766056455,0.02836393353936728,0.00021734999999999778,203,5
571,0.61,-0.0008302911592181772,0.12389977322891355,-2.3174600452184677,0.004681594160501845,0.04028579359874129,0.00021720499999999777,210,5
572,0.63,0.0020446223206818104,0.03259993245592341,-2.3306479305028915,0.0013539230458263773,-0.004284928365450469,0.00021705999999999776,213,5
573,0.65,0.0004377271980047226,0.04605813091620803,-2.342969462275505,0.003963311224651989,0.0020187543123029172,0.00021691499999999776,216,5
574,0.67,0.0027977569261565804,0.06834096857346594,-2.351393386721611,0.012945189970196225,0.019926902692532167,0.00021676999999999778,221,5
575,0.68,-2.597866114228964e-06,0.019773193984292448,-2.3758233934640884,0.002045299415840418,-0.012851585001044441,0.00021662499999999777,222,5
576,0.68,0.007432108395732939,0.019001745444256812,-2.346177786588669,0.0158722281394148,0.0014073173515498638,0.00021647999999999776,223,5
577,0.67,-0.0008393340976908803,0.054095404455438256,-2.4001052528619766,0.018333682768570725,0.011374157478712732,0.00021633499999999779,228,5
578,0.66,-0.0010817325673997402,0.11713781580328941,-2.370620012283325,0.008025123795960099,0.03779353806748986,0.0002161899999999978,234,5
579,0.65,0.005177672195713967,0.07988165062852204,-2.3940149694681168,0.006655871053226292,0.02450628374936059,0.0002160449999999978,238,5
580,0.65,-0.0013816776045132428,0.05505781481042504,-2.418234810233116,0.0033806914689193945,0.0036552282472257502,0.0002158999999999978,241,5
581,0.66,0.0019442683551460505,0.02042565308511257,-2.4297615736722946,0.00031651406061428133,-0.011982263167737983,0.00021575499999999781,242,5
582,0.66,0.0022535273456014693,0.07155255181714892,-2.4410781860351562,0.0032457242714372114,0.015241883775161114,0.0002156099999999978,246,5
583,0.67,0.0015293387696146965,0.02954591845627874,-2.449885278940201,0.01618581857474055,-0.00010364480840507895,0.0002154649999999978,248,5
584,0.67,-0.004069290473125875,0.03237880056258291,-2.457211524248123,0.014489722473626898,-0.005207143767620437,0.0002153199999999978,250,5
585,0.68,-0.003679181740153581,0.038746852427721024,-2.4362522810697556,0.00933321901538875,-0.004001668370619882,0.0002151749999999978,252,5
586,0.67,-0.0013071389985270798,0.040365288499742746,-2.447622686624527,0.002712512174184667,-0.004244464718794916,0.00021502999999999778,254,5
587,0.66,-0.004321229236666113,0.039365472621284425,-2.4490747898817062,0.00304877373855561,-0.00760485342470929,0.00021488499999999778,256,5
588,0.66,-0.002951077767647803,0.0692667777184397,-2.4107505530118942,0.012977369857253507,0.01406349083117675,0.00021473999999999777,260,5
589,0.65,0.0030474710511043668,0.07205472351051867,-2.4136818796396255,0.006835832857177593,0.01835593063151464,0.00021459499999999776,264,5
590,0.65,-0.001374844927340746,0.07277117646299303,-2.4504916965961456,0.0018736953752522822,0.011442674549471121,0.00021444999999999776,267,5
591,0.64,-0.002828640630468726,0.07450594194233418,-2.436995267868042,0.0021713097539759474,0.0111400326823059,0.00021430499999999778,271,5
592,0.63,0.0014532157802022994,0.021413728944025934,-2.46393521130085,0.0008440400997642428,-0.012057251486112364,0.0002141599999999978,272,5
593,0.6,0.002248007571324706,0.040087333181872964,-2.4090826511383057,0.001747850487845426,-0.0009252266827388667,0.0002140149999999978,275,5
594,0.6,-0.00011605286272242665,0.025064443674637005,-2.439396545290947,0.022178438088303665,-0.0008885771603672765,0.0002138699999999978,276,5
595,0.61,0.0019114543101750314,0.10698971850797534,-2.4185814261436462,0.0098891270099557,0.03616506379330531,0.00021372499999999778,282,5
596,0.6,-0.002033668803051114,0.07771068066358566,-2.4375183433294296,0.0004324838901084149,0.012662730609463324,0.0002135799999999978,286,5
597,0.59,0.0004295302787795663,0.032752469764091074,-2.399749130010605,0.0005266131283860886,-0.006928419308678713,0.00021343499999999782,288,5
598,0.59,-4.072458250448108e-05,0.045538057340309024,-2.4374383836984634,0.002627845294227882,-0.0003321564581710845,0.00021328999999999782,290,5
599,0.58,-0.0011468431330285966,0.050175822572782636,-2.4259398132562637,0.00021676566211681347,-0.00020994659098505508,0.0002131449999999978,293,5
600,0.58,-0.0025263161514885724,0.048384317313320935,-2.4395649433135986,0.018515275231038686,0.006527831312268972,0.0002129999999999978,295,5
601,0.57,0.0008038356900215149,0.06400453369133174,-2.4527865946292877,0.006385803331795614,0.011471138772321865,0.0002128549999999978,298,5
602,0.56,0.0002556119579821825,0.05754949641413987,-2.428511992096901,0.00959062003676081,0.009540550607198384,0.00021270999999999782,302,5
603,0.56,-0.00030246650567278266,0.05460423254407942,-2.4420064836740494,0.002563601108704461,0.0038613860779150855,0.0002125649999999978,305,5
604,0.56,-0.0008844513795338571,0.01968192867934704,-2.4741306751966476,0.0003886679255629133,-0.01559045907924883,0.0002124199999999978,306,5
605,0.54,0.0008266732911579311,0.06145077454857528,-2.420426070690155,0.024105884796881583,0.019400742505240487,0.0002122749999999978,311,5
606,0.55,-0.0026679415022954345,0.02326273516518995,-2.4379002898931503,0.006019385460604099,-0.012405883782776073,0.0002121299999999978,312,5
607,0.54,-0.0030911670182831585,0.058410210302099586,-2.445492997765541,0.013850642382749356,0.008584329756558873,0.0002119849999999978,315,5
608,0.54,0.0048110855859704316,0.07774861319921911,-2.4465626925230026,0.004254495725035667,0.02134701381874038,0.00021183999999999778,320,5
609,0.51,0.0036669836845248938,0.10658542672172189,-2.426106482744217,0.005074303990113549,0.035235783958341926,0.00021169499999999778,326,5
610,0.51,-0.001068619720172137,0.05348531203344464,-2.4483144730329514,0.003920001039659837,0.0031508928950643167,0.00021154999999999777,329,5
611,0.5,-0.0015947981737554073,0.04155150998849422,-2.4373054206371307,0.025118421006482095,0.007367113372310996,0.0002114049999999978,332,5
612,0.5,0.001723915571346879,0.08224790706299245,-2.45008447766304,0.01505303933572577,0.025873544393107295,0.00021125999999999778,337,5
613,0.51,-0.00127559105749242,0.04459138493984938,-2.4864586144685745,0.003839822402369464,-0.0019245728326495737,0.00021111499999999778,339,5
614,0.51,-0.0013539412757381797,0.0247297830064781,-2.458070397377014,0.003518899401569797,-0.011810303636593744,0.00021096999999999777,340,5
615,0.52,-0.004016863647848368,0.057729779509827495,-2.4562047123908997,0.002128103076302068,0.0013500309069058858,0.00021082499999999777,343,5
616,0.51,-0.0016695464728400111,0.052931869868189096,-2.46169151365757,0.0016651900914439466,0.001012069136777427,0.00021067999999999776,346,5
617,0.51,0.0029891429003328085,0.015371497807791457,-2.4607844054698944,0.00046090975592960604,-0.01370249703177251,0.00021053499999999775,347,5
618,0.51,-0.0009559774189256132,0.017302223714068532,-2.4434784948825836,0.0053275753216439625,-0.014075862272875383,0.00021038999999999777,348,5
619,0.48,-0.002138325828127563,0.0728706275112927,-2.4222753047943115,0.007178740726885735,0.013663605604961049,0.00021024499999999777,351,5
620,0.48,0.002074617601465434,0.023650723276659846,-2.447930946946144,0.00018000355839831172,-0.010489328007679433,0.00021009999999999776,352,5
621,0.49,-0.001678228611126542,0.07809610827825963,-2.4521636068820953,0.002304901303432416,0.014000640774611384,0.00020995499999999776,356,5
